https://cdn.prod.website-files.com/64c8db4525075f4f57f9539a/65d8ba19ae50f99afc89f7f5_eneco.jpeg	65d8ba19ae50f99afc89f7f5_eneco.jpeg
https://cdn.prod.website-files.com/64c8db4525075f4f57f9539a/64e7d494f9dc5a99b1a7718f_Eneco_logo.png	64e7d494f9dc5a99b1a7718f_Eneco_logo.png
https://cdn.prod.website-files.com/64c8db4525075f4f57f9539a/64e4deffbe914a3dea297428_HNK_PERSPECTIVES2019_6x3_SUNSET_1_RegularZero_no-logos-scaled-1600x900.jpg	97428_HNK_PERSPECTIVES2019_6x3_SUNSET_1_RegularZero_no-logos-scaled-1600x900.jpg
https://cdn.prod.website-files.com/64c8db4525075f4f57f9539a/64e4df05ec6092dd4f55195b_Heineken_International_logo.svg.png	64e4df05ec6092dd4f55195b_Heineken_International_logo.svg.png
https://cdn.prod.website-files.com/64c8db4525075f4f57f9539a/64e4e00c3cc1ba9d2bf1360d_259638-P4JTKC-128-1-scaled-e1591618779424-1600x900.jpg	64e4e00c3cc1ba9d2bf1360d_259638-P4JTKC-128-1-scaled-e1591618779424-1600x900.jpg
https://cdn.prod.website-files.com/64c8db4525075f4f57f9539a/64e4e006e9ffafed122ed78a_henkel-logo-png.png	64e4e006e9ffafed122ed78a_henkel-logo-png.png
https://cdn.prod.website-files.com/64c8db4525075f4f57f9539a/64e7dc8ef9dc5a99b1b0a22f_Trein-in-de-nacht.png	64e7dc8ef9dc5a99b1b0a22f_Trein-in-de-nacht.png
https://cdn.prod.website-files.com/64c8db4525075f4f57f9539a/64e7dc9085d4efeea89998a9_Nederlandse-spoorwegen-NS-logo.png	64e7dc9085d4efeea89998a9_Nederlandse-spoorwegen-NS-logo.png
https://cdn.prod.website-files.com/64c8db4525075f4f57f9539a/64f577d01352b9b9b074c400_schiphol-case-study-hero-image.jpg	64f577d01352b9b9b074c400_schiphol-case-study-hero-image.jpg
https://cdn.prod.website-files.com/64c8db4525075f4f57f9539a/64e7de2fe3fc8bbacb2f8bba_Schiphol_logo.png	64e7de2fe3fc8bbacb2f8bba_Schiphol_logo.png
https://cdn.prod.website-files.com/64c8db4525075f4f57f9539a/654ca76ebcaee8dba4da4aec_henkel-sustainability-hero.jpg	654ca76ebcaee8dba4da4aec_henkel-sustainability-hero.jpg
https://cdn.prod.website-files.com/64c8db4525075f4f57f9539a/654ca98c2786587ad2861d6c_2560px-Henkel-Logo.svg.png	654ca98c2786587ad2861d6c_2560px-Henkel-Logo.svg.png
https://cdn.prod.website-files.com/64c8db4525075f4f57f9539a/6908a5b3cc2dd9531245d20f_21232.jpg	6908a5b3cc2dd9531245d20f_21232.jpg
https://cdn.prod.website-files.com/64c8db4525075f4f57f9539a/64e4e1e7720e662cee7d3523_sandvik.png	64e4e1e7720e662cee7d3523_sandvik.png
https://cdn.prod.website-files.com/64c8db4525075f4f57f9539a/6908cfa382f7c9fea1acec52_Hely1.jpg	6908cfa382f7c9fea1acec52_Hely1.jpg
https://cdn.prod.website-files.com/64c8db4525075f4f57f9539a/64e4dcf93fea3da0db5895a8_Hely_logo_road.png	64e4dcf93fea3da0db5895a8_Hely_logo_road.png
https://cdn.prod.website-files.com/64c8db4525075f4f57f9539a/64e4dd60720e662cee782223_pexels-fauxels-3184360-scaled-e1635333025376-1600x900.jpg	e4dd60720e662cee782223_pexels-fauxels-3184360-scaled-e1635333025376-1600x900.jpg
https://cdn.prod.website-files.com/64c8db4525075f4f57f9539a/64e4dd59e70239f9b3ea0d73_Abnamro-e1635333106678.png	64e4dd59e70239f9b3ea0d73_Abnamro-e1635333106678.png
https://cdn.prod.website-files.com/64c8db4525075f4f57f9539a/6985e87862b1e687901f18ef_Logistics-Fulfilment-block-2.webp	6985e87862b1e687901f18ef_Logistics-Fulfilment-block-2.webp
https://cdn.prod.website-files.com/64c8db4525075f4f57f9539a/695e364b9de897e57c20fbe4_Bleckmann-logo-full-color-no-background.png	695e364b9de897e57c20fbe4_Bleckmann-logo-full-color-no-background.png
https://cdn.prod.website-files.com/64c8db4525075f4f57f9539a/6908a30a1fc987c926572c6a_senior-man-consulting-female-pharmacist-medication%20(1).jpg	08a30a1fc987c926572c6a_senior-man-consulting-female-pharmacist-medication-1-.jpg
https://cdn.prod.website-files.com/64c8db4525075f4f57f9539a/6908c27dd0897c65d7275b72_Opella%20Sanofi.png	6908c27dd0897c65d7275b72_Opella-Sanofi.png
https://cdn.prod.website-files.com/64c8db4525075f4f57f9539a/6980933950e88d32acf36f86_elly-maersk-nansha-port-of-rotterdam.jpg	6980933950e88d32acf36f86_elly-maersk-nansha-port-of-rotterdam.jpg
https://cdn.prod.website-files.com/64c8db4525075f4f57f9539a/6980934f92fa22efff4244f8_Port_of_rotterdam_logo.webp	6980934f92fa22efff4244f8_Port_of_rotterdam_logo.webp
https://cdn.prod.website-files.com/64c8db4525075f4f57f9539a/64e4de0a720e662cee78bc6e_Accell%20Group%20website%20-%20still.jpg	64e4de0a720e662cee78bc6e_Accell-Group-website-still.jpg
https://cdn.prod.website-files.com/64c8db4525075f4f57f9539a/64e4ddba1bb069ab33d8a578_2000px-Accell_Group_Logo.svg.png	64e4ddba1bb069ab33d8a578_2000px-Accell_Group_Logo.svg.png
https://cdn.prod.website-files.com/64c8db4525075f4f57f9539a/6908b657b247d31cba22bbc7_3244.jpg	6908b657b247d31cba22bbc7_3244.jpg
https://cdn.prod.website-files.com/64c8db4525075f4f57f9539a/64e4de40fbbdbe1f202d9c12_achmea.svg	64e4de40fbbdbe1f202d9c12_achmea.svg
https://cdn.prod.website-files.com/64c8db4525075f4f57f9539a/65d8bb22eb57e930429e7dc7_wepik-export-20240223153447DY2F.jpeg	65d8bb22eb57e930429e7dc7_wepik-export-20240223153447DY2F.jpeg
https://cdn.prod.website-files.com/64c8db4525075f4f57f9539a/680b979406567ba00effd314_Untitled%20design%20(1).svg	680b979406567ba00effd314_Untitled-design-1-.svg
https://cdn.prod.website-files.com/64c8db4525075f4f57f9539a/690b442e0763c96021449bca_57838.jpg	690b442e0763c96021449bca_57838.jpg
https://cdn.prod.website-files.com/64c8db4525075f4f57f9539a/64e4e1408c2b2257d1bc39fe_175px-AkzoNobel_Logo.svg.png	64e4e1408c2b2257d1bc39fe_175px-AkzoNobel_Logo.svg.png
https://cdn.prod.website-files.com/64c8db4525075f4f57f9539a/6908d0f0140fbf1e4df385af_ahonline_mobileHighlightImage.avif	6908d0f0140fbf1e4df385af_ahonline_mobileHighlightImage.avif
https://cdn.prod.website-files.com/64c8db4525075f4f57f9539a/64e4e127946da6decdd51e36_AlbertHeijn_logo.png	64e4e127946da6decdd51e36_AlbertHeijn_logo.png
https://cdn.prod.website-files.com/64c8db4525075f4f57f9539a/690b28f1f852215956a8f0eb_Wegenwacht-lente-2021-9.jpg	690b28f1f852215956a8f0eb_Wegenwacht-lente-2021-9.jpg
https://cdn.prod.website-files.com/64c8db4525075f4f57f9539a/64e4e0b93cc1ba9d2bf20362_anwb-logo-groot.png	64e4e0b93cc1ba9d2bf20362_anwb-logo-groot.png
https://cdn.prod.website-files.com/64c8db4525075f4f57f9539a/690b47a3ade28b7839fee668_asr-logo-op-gebouw-339x339.jpg	690b47a3ade28b7839fee668_asr-logo-op-gebouw-339x339.jpg
https://cdn.prod.website-files.com/64c8db4525075f4f57f9539a/64e4dd3f1bb069ab33d82407_logo-asr.png	64e4dd3f1bb069ab33d82407_logo-asr.png
https://cdn.prod.website-files.com/64c8db4525075f4f57f9539a/6908be6c189382c34ceb642f_23245.jpg	6908be6c189382c34ceb642f_23245.jpg
https://cdn.prod.website-files.com/64c8db4525075f4f57f9539a/64e7dbee939b52e3b3fc264b_VITAL_logo-edit.jpg	64e7dbee939b52e3b3fc264b_VITAL_logo-edit.jpg
https://cdn.prod.website-files.com/64c8db4525075f4f57f9539a/6908d5169bbb8c929bdd480e_bam-infra-hoogste-niveau-co2-prestatieladder-606-14643576231659968282.jpg	dd480e_bam-infra-hoogste-niveau-co2-prestatieladder-606-14643576231659968282.jpg
https://cdn.prod.website-files.com/64c8db4525075f4f57f9539a/64e4e09f18b99ae2dadb143f_BAM_logo.png	64e4e09f18b99ae2dadb143f_BAM_logo.png
https://cdn.prod.website-files.com/64c8db4525075f4f57f9539a/664ca96c67839bcd67825716_Background-HOME%402x.jpeg	664ca96c67839bcd67825716_Background-HOME-2x.jpeg
https://cdn.prod.website-files.com/64c8db4525075f4f57f9539a/664ca9da728b469543c7491d_biocodex_corporate-logo.jpg	664ca9da728b469543c7491d_biocodex_corporate-logo.jpg
https://cdn.prod.website-files.com/64c8db4525075f4f57f9539a/65d864b303ddaf10f760af3f_bol_case.jpeg	65d864b303ddaf10f760af3f_bol_case.jpeg
https://cdn.prod.website-files.com/64c8db4525075f4f57f9539a/64e4e088cd6c380d6ec0a552_01.-Logo_Bol-e1635334538678.png	64e4e088cd6c380d6ec0a552_01.-Logo_Bol-e1635334538678.png
https://cdn.prod.website-files.com/64c8db4525075f4f57f9539a/6908beb93d481f4a8e4f80f4_New_Brunel_HQ_Amsterdam-low-res-landscape.jpg	6908beb93d481f4a8e4f80f4_New_Brunel_HQ_Amsterdam-low-res-landscape.jpg
https://cdn.prod.website-files.com/64c8db4525075f4f57f9539a/64e4e05bf035dc3f4329a680_Brunel-logo.png	64e4e05bf035dc3f4329a680_Brunel-logo.png
https://cdn.prod.website-files.com/64c8db4525075f4f57f9539a/65d8699eef5dea4d3807aa96_brunel_Case.jpeg	65d8699eef5dea4d3807aa96_brunel_Case.jpeg
https://cdn.prod.website-files.com/64c8db4525075f4f57f9539a/65b8bbda7c79fe764556abf4_Budget-Thuis-hero-v4.jpg	65b8bbda7c79fe764556abf4_Budget-Thuis-hero-v4.jpg
https://cdn.prod.website-files.com/64c8db4525075f4f57f9539a/65b7c69211b099c1972fbc82_BT_Logo_Share.jpg	65b7c69211b099c1972fbc82_BT_Logo_Share.jpg
https://cdn.prod.website-files.com/64c8db4525075f4f57f9539a/6908b3b3a1be84c388fbdc4f_3506.jpg	6908b3b3a1be84c388fbdc4f_3506.jpg
https://cdn.prod.website-files.com/64c8db4525075f4f57f9539a/6908bf3e1fcf0ccceecc8bfa_coca-cola-nieuwe-kratten-dongen.webp	6908bf3e1fcf0ccceecc8bfa_coca-cola-nieuwe-kratten-dongen.webp
https://cdn.prod.website-files.com/64c8db4525075f4f57f9539a/64e4e03afb1ec39422fc3273_Coca-Cola-Logo-PNG.png	64e4e03afb1ec39422fc3273_Coca-Cola-Logo-PNG.png
https://cdn.prod.website-files.com/64c8db4525075f4f57f9539a/65d88e5a5e8e2e732c6926a3_colgate.jpeg	65d88e5a5e8e2e732c6926a3_colgate.jpeg
https://cdn.prod.website-files.com/64c8db4525075f4f57f9539a/64e4df523cc1ba9d2bf05af4_Colgate-MSA-750x422-e1622800356640.png	64e4df523cc1ba9d2bf05af4_Colgate-MSA-750x422-e1622800356640.png
https://cdn.prod.website-files.com/64c8db4525075f4f57f9539a/64e4e0280031679c8545797a_Coop-elektrische-truck-scaled-1600x900.jpg	64e4e0280031679c8545797a_Coop-elektrische-truck-scaled-1600x900.jpg
https://cdn.prod.website-files.com/64c8db4525075f4f57f9539a/64e4e021f035dc3f4329631d_Coop_logo_2015.png	64e4e021f035dc3f4329631d_Coop_logo_2015.png
https://cdn.prod.website-files.com/64c8db4525075f4f57f9539a/650048e076db8038d1e960a5_Zijerveld-cheese.jpg	650048e076db8038d1e960a5_Zijerveld-cheese.jpg
https://cdn.prod.website-files.com/64c8db4525075f4f57f9539a/650048e708ed7783ecbecf2c_Zijerveld-logo.png	650048e708ed7783ecbecf2c_Zijerveld-logo.png
https://cdn.prod.website-files.com/64c8db4525075f4f57f9539a/690b40effd364af4cdb020e0_Filiaal_Amsterdam_02.webp	690b40effd364af4cdb020e0_Filiaal_Amsterdam_02.webp
https://cdn.prod.website-files.com/64c8db4525075f4f57f9539a/64e4dfedfb1ec39422fbd2a3_De_Bijenkorf_logo.png	64e4dfedfb1ec39422fbd2a3_De_Bijenkorf_logo.png
https://cdn.prod.website-files.com/64c8db4525075f4f57f9539a/65d87728980b987f13190f1b_heineken_case.jpeg	65d87728980b987f13190f1b_heineken_case.jpeg
https://cdn.prod.website-files.com/64c8db4525075f4f57f9539a/6936d192d189838f2c09918e_007Philip_Gabriel_PhotographyDLLAccess_Phillytest.jpg	6936d192d189838f2c09918e_007Philip_Gabriel_PhotographyDLLAccess_Phillytest.jpg
https://cdn.prod.website-files.com/64c8db4525075f4f57f9539a/6936d138e101bb121ac91f78_dllgroup_logo_icon_168256.webp	6936d138e101bb121ac91f78_dllgroup_logo_icon_168256.webp
https://cdn.prod.website-files.com/64c8db4525075f4f57f9539a/64e4dfd618b99ae2dada0fa8_THO_CH_Artikel_Proviant_Buddha_Bowl_1200x500.jpg	64e4dfd618b99ae2dada0fa8_THO_CH_Artikel_Proviant_Buddha_Bowl_1200x500.jpg
https://cdn.prod.website-files.com/64c8db4525075f4f57f9539a/64e4dfd0be914a3dea2a6870_THOMY_Nestle.png	64e4dfd0be914a3dea2a6870_THOMY_Nestle.png
https://cdn.prod.website-files.com/64c8db4525075f4f57f9539a/6916ebcc7d06da4a9cf798bf_134211.jpg	6916ebcc7d06da4a9cf798bf_134211.jpg
https://cdn.prod.website-files.com/64c8db4525075f4f57f9539a/68ff7d98c57f81b3a33040c4_13992.jpg	68ff7d98c57f81b3a33040c4_13992.jpg
https://cdn.prod.website-files.com/64c8db4525075f4f57f9539a/64e4deef09b0b2ee89b6f58f_eBay-Logo-1.jpg	64e4deef09b0b2ee89b6f58f_eBay-Logo-1.jpg
https://cdn.prod.website-files.com/64c8db4525075f4f57f9539a/64e4deed0031679c85441575_ECG.png	64e4deed0031679c85441575_ECG.png
https://cdn.prod.website-files.com/64c8db4525075f4f57f9539a/690b40366dece4234ad4f971_8753.jpg	690b40366dece4234ad4f971_8753.jpg
https://cdn.prod.website-files.com/64c8db4525075f4f57f9539a/64e4ded12de054f1f618d850_web-logo-eci-nl2-2.png	64e4ded12de054f1f618d850_web-logo-eci-nl2-2.png
https://cdn.prod.website-files.com/64c8db4525075f4f57f9539a/6908b0ee50b72aace64902fc_1072.jpg	6908b0ee50b72aace64902fc_1072.jpg
https://cdn.prod.website-files.com/64c8db4525075f4f57f9539a/64e4deb9b01c814c4c56462e_emesa-logo-highres11490262058logo.png	64e4deb9b01c814c4c56462e_emesa-logo-highres11490262058logo.png
https://cdn.prod.website-files.com/64c8db4525075f4f57f9539a/67f3cb6464bad712161c9f85_SVH-hero.jpg	67f3cb6464bad712161c9f85_SVH-hero.jpg
https://cdn.prod.website-files.com/64c8db4525075f4f57f9539a/64e7de9d7bf19f614c6be39f_shv-energy-logo.png	64e7de9d7bf19f614c6be39f_shv-energy-logo.png
https://cdn.prod.website-files.com/64c8db4525075f4f57f9539a/65cdf1575298faf86a911ef2_eneco-hero-V3.jpg	65cdf1575298faf86a911ef2_eneco-hero-V3.jpg
https://cdn.prod.website-files.com/64c8db4525075f4f57f9539a/65d8abcc80599a6cd9100161_eneco-logo-V2.png	65d8abcc80599a6cd9100161_eneco-logo-V2.png
https://cdn.prod.website-files.com/64c8db4525075f4f57f9539a/66c72d47a99d116fdd43569c_eneco-cover.png	66c72d47a99d116fdd43569c_eneco-cover.png
https://cdn.prod.website-files.com/64c8db4525075f4f57f9539a/66c72c31cf1430f9560998f2_enstall.jpg	66c72c31cf1430f9560998f2_enstall.jpg
https://cdn.prod.website-files.com/64c8db4525075f4f57f9539a/66c72c3571b7490de91729de_enstall-logo.jpg	66c72c3571b7490de91729de_enstall-logo.jpg
https://cdn.prod.website-files.com/64c8db4525075f4f57f9539a/65d86bef3c77c28f9f1e2d8c_evi_cases.jpeg	65d86bef3c77c28f9f1e2d8c_evi_cases.jpeg
https://cdn.prod.website-files.com/64c8db4525075f4f57f9539a/64e7d4d4ca015d4568afbdef_evi-logo-klein.png	64e7d4d4ca015d4568afbdef_evi-logo-klein.png
https://cdn.prod.website-files.com/64c8db4525075f4f57f9539a/65d897000b03373ebdb091bc_funda.jpg	65d897000b03373ebdb091bc_funda.jpg
https://cdn.prod.website-files.com/64c8db4525075f4f57f9539a/64e7d59abb3400e2d4fff5ab_Funda.png	64e7d59abb3400e2d4fff5ab_Funda.png
https://cdn.prod.website-files.com/64c8db4525075f4f57f9539a/66c72ea7a99d116fdd453e4d_energie-bespaarders.jpg	66c72ea7a99d116fdd453e4d_energie-bespaarders.jpg
https://cdn.prod.website-files.com/64c8db4525075f4f57f9539a/66c72ea1f48e44e240ff4747_enrgie-bespaarders-logo.png	66c72ea1f48e44e240ff4747_enrgie-bespaarders-logo.png
https://cdn.prod.website-files.com/64c8db4525075f4f57f9539a/6908c192d4765b99a470dd24_OIP%20(2).webp	6908c192d4765b99a470dd24_OIP-2-.webp
https://cdn.prod.website-files.com/64c8db4525075f4f57f9539a/64e7e6ea7bf19f614c771b68_Logo-Gamma.png	64e7e6ea7bf19f614c771b68_Logo-Gamma.png
https://cdn.prod.website-files.com/64c8db4525075f4f57f9539a/64e7d6286a354b7134168422_coen-van-de-broek-hdyYvZ3Hj7w-unsplash-scaled-e1607361202701.jpg	a354b7134168422_coen-van-de-broek-hdyYvZ3Hj7w-unsplash-scaled-e1607361202701.jpg
https://cdn.prod.website-files.com/64c8db4525075f4f57f9539a/64e7d62663a35d147b6d50f4_logo-golazo-sports-1-e1635336191461.png	64e7d62663a35d147b6d50f4_logo-golazo-sports-1-e1635336191461.png
https://cdn.prod.website-files.com/64c8db4525075f4f57f9539a/68ff79f6d8eeed07fcf7ed13_349.jpg	68ff79f6d8eeed07fcf7ed13_349.jpg
https://cdn.prod.website-files.com/64c8db4525075f4f57f9539a/6811d1877139df4d5fc0b989_greif-logo-freelogovectors.net_.png	6811d1877139df4d5fc0b989_greif-logo-freelogovectors.net_.png
https://cdn.prod.website-files.com/64c8db4525075f4f57f9539a/65d887e33ad4b91adc82d200_beerwulf.jpg	65d887e33ad4b91adc82d200_beerwulf.jpg
https://cdn.prod.website-files.com/64c8db4525075f4f57f9539a/64e7d7eea798c64d9fae67f5_Heinekens-Beerwulf.png	64e7d7eea798c64d9fae67f5_Heinekens-Beerwulf.png
https://cdn.prod.website-files.com/64c8db4525075f4f57f9539a/64e7d67745ae53e71ccf688b_Heineken_Paul_Berends_S11_200xp-Retouche-For-Print-scaled.jpg	7745ae53e71ccf688b_Heineken_Paul_Berends_S11_200xp-Retouche-For-Print-scaled.jpg
https://cdn.prod.website-files.com/64c8db4525075f4f57f9539a/670e2f1d155fa797d081b67f_Heineken-mexico-GenAI-case-study.jpg	670e2f1d155fa797d081b67f_Heineken-mexico-GenAI-case-study.jpg
https://cdn.prod.website-files.com/64c8db4525075f4f57f9539a/680b8ddf1905d805e72a3f7b_245038.svg	680b8ddf1905d805e72a3f7b_245038.svg
https://cdn.prod.website-files.com/64c8db4525075f4f57f9539a/6908bff2b1349e3bcece36ce_OIP%20(1).webp	6908bff2b1349e3bcece36ce_OIP-1-.webp
https://cdn.prod.website-files.com/64c8db4525075f4f57f9539a/64e7d84b640f01b281ce85ab_HEMA-winkel-ingang-800x531-1.jpg	64e7d84b640f01b281ce85ab_HEMA-winkel-ingang-800x531-1.jpg
https://cdn.prod.website-files.com/64c8db4525075f4f57f9539a/64e7d84d45ae53e71cd17413_HEMA-800x500.png	64e7d84d45ae53e71cd17413_HEMA-800x500.png
https://cdn.prod.website-files.com/64c8db4525075f4f57f9539a/6908bbe765050e5d59172f8a_laboratory-4-zu-3.jpg	6908bbe765050e5d59172f8a_laboratory-4-zu-3.jpg
https://cdn.prod.website-files.com/64c8db4525075f4f57f9539a/64e7e552f5e285aef86a7396_Logo_Henkel.jpg	64e7e552f5e285aef86a7396_Logo_Henkel.jpg
https://cdn.prod.website-files.com/64c8db4525075f4f57f9539a/68ff7cb6e0e0088134188ce7_18826.jpg	68ff7cb6e0e0088134188ce7_18826.jpg
https://cdn.prod.website-files.com/64c8db4525075f4f57f9539a/686fa813323da54dcea3c6a7_Logo-Heras-FC-CMYK-2048x458.jpg	686fa813323da54dcea3c6a7_Logo-Heras-FC-CMYK-2048x458.jpg
https://cdn.prod.website-files.com/64c8db4525075f4f57f9539a/65d886ef8f572f181db4edb3_ikea.jpeg	65d886ef8f572f181db4edb3_ikea.jpeg
https://cdn.prod.website-files.com/64c8db4525075f4f57f9539a/64e7d8a1e776de1b278d5367_Ikea2.png	64e7d8a1e776de1b278d5367_Ikea2.png
https://cdn.prod.website-files.com/64c8db4525075f4f57f9539a/6908d18a3b776211e0f4e3bb_oie_2482517ZQrzr9hF-1-1024x638.png	6908d18a3b776211e0f4e3bb_oie_2482517ZQrzr9hF-1-1024x638.png
https://cdn.prod.website-files.com/64c8db4525075f4f57f9539a/64e7d95303822c93f34c9a9c_independer_logo.png	64e7d95303822c93f34c9a9c_independer_logo.png
https://cdn.prod.website-files.com/64c8db4525075f4f57f9539a/6908c01d30cc9f5dbde70727_357345-ING%20Acanthus-1-4426a3-original-1592897632.jpg	6908c01d30cc9f5dbde70727_357345-ING-Acanthus-1-4426a3-original-1592897632.jpg
https://cdn.prod.website-files.com/64c8db4525075f4f57f9539a/64e7da2aa46002919c7c4517_ING_logo_logotype_lion.png	64e7da2aa46002919c7c4517_ING_logo_logotype_lion.png
https://cdn.prod.website-files.com/64c8db4525075f4f57f9539a/65d86806ef5dea4d3806fc2d_jde%20new.jpeg	65d86806ef5dea4d3806fc2d_jde-new.jpeg
https://cdn.prod.website-files.com/64c8db4525075f4f57f9539a/64e7da68939b52e3b3f9f59a_jde_logo-e1605785800634.png	64e7da68939b52e3b3f9f59a_jde_logo-e1605785800634.png
https://cdn.prod.website-files.com/64c8db4525075f4f57f9539a/690b1fa5191a09ba48d9473d_empoweing-decor-2-resized.png	690b1fa5191a09ba48d9473d_empoweing-decor-2-resized.png
https://cdn.prod.website-files.com/64c8db4525075f4f57f9539a/64e7db4645ae53e71cd51c38_just-eat-takeaway-logo-new.png	64e7db4645ae53e71cd51c38_just-eat-takeaway-logo-new.png
https://cdn.prod.website-files.com/64c8db4525075f4f57f9539a/65d86a47393bfd7d5cf7c3e7_keesing_cases.jpg	65d86a47393bfd7d5cf7c3e7_keesing_cases.jpg
https://cdn.prod.website-files.com/64c8db4525075f4f57f9539a/64e7db7ba798c64d9fb2c11e_500_2015-logo-keesing-cmyk.jpeg	64e7db7ba798c64d9fb2c11e_500_2015-logo-keesing-cmyk.jpeg
https://cdn.prod.website-files.com/64c8db4525075f4f57f9539a/690b413d6c5633dc256ec70a_Heinz_Campaign_KV_logo.jpg	690b413d6c5633dc256ec70a_Heinz_Campaign_KV_logo.jpg
https://cdn.prod.website-files.com/64c8db4525075f4f57f9539a/64e4e25ab70da85ba9492a3a_kraftHeinzLogo.png	64e4e25ab70da85ba9492a3a_kraftHeinzLogo.png
https://cdn.prod.website-files.com/64c8db4525075f4f57f9539a/64e7dc53eaa51f2b6e1ccb95_NLO1.jpg	64e7dc53eaa51f2b6e1ccb95_NLO1.jpg
https://cdn.prod.website-files.com/64c8db4525075f4f57f9539a/64e4e2424ac1cafda4d54ee1_nl.png	64e4e2424ac1cafda4d54ee1_nl.png
https://cdn.prod.website-files.com/64c8db4525075f4f57f9539a/6908af7d394b23d192f2833f_163294.jpg	6908af7d394b23d192f2833f_163294.jpg
https://cdn.prod.website-files.com/64c8db4525075f4f57f9539a/6908a92ae6aafbb57d0f2c0e_66641.jpg	6908a92ae6aafbb57d0f2c0e_66641.jpg
https://cdn.prod.website-files.com/64c8db4525075f4f57f9539a/65d8791bcdb3f7a438e19851_confidential_case.jpg	65d8791bcdb3f7a438e19851_confidential_case.jpg
https://cdn.prod.website-files.com/64c8db4525075f4f57f9539a/68ff7927f6833e639f892002_3732.jpg	68ff7927f6833e639f892002_3732.jpg
https://cdn.prod.website-files.com/64c8db4525075f4f57f9539a/64e277836f9e84517aa6c689_PGGM-logo.jpg	64e277836f9e84517aa6c689_PGGM-logo.jpg
https://cdn.prod.website-files.com/64c8db4525075f4f57f9539a/6908b9e78a6190d318cd5a10_15800.jpg	6908b9e78a6190d318cd5a10_15800.jpg
https://cdn.prod.website-files.com/64c8db4525075f4f57f9539a/64e7dccc939b52e3b3fd348c_Pxc_logo.png	64e7dccc939b52e3b3fd348c_Pxc_logo.png
https://cdn.prod.website-files.com/64c8db4525075f4f57f9539a/6908ce9ef02bf190182be86c_brievenbus_tcm10-150309.jpg	6908ce9ef02bf190182be86c_brievenbus_tcm10-150309.jpg
https://cdn.prod.website-files.com/64c8db4525075f4f57f9539a/64e7dd06f64bbb411bf60e1e_PostNL_logo.png	64e7dd06f64bbb411bf60e1e_PostNL_logo.png
https://cdn.prod.website-files.com/64c8db4525075f4f57f9539a/690b4612ae0418e84e7ea804_9141.jpg	690b4612ae0418e84e7ea804_9141.jpg
https://cdn.prod.website-files.com/64c8db4525075f4f57f9539a/64e4df3435cb96048b94b387_Reckitt%20Logo.svg	64e4df3435cb96048b94b387_Reckitt-Logo.svg
https://cdn.prod.website-files.com/64c8db4525075f4f57f9539a/64e7dd41a46002919c82777b_PVH-01-scaled.jpg	64e7dd41a46002919c82777b_PVH-01-scaled.jpg
https://cdn.prod.website-files.com/64c8db4525075f4f57f9539a/64e7dd3eeaa51f2b6e1de3c9_640px-Phillips-Van_Heusen_logo.svg.png	64e7dd3eeaa51f2b6e1de3c9_640px-Phillips-Van_Heusen_logo.svg.png
https://cdn.prod.website-files.com/64c8db4525075f4f57f9539a/64e4df1ad01566396ae11f33_brand_dettol_header-scaled-1600x900.jpg	64e4df1ad01566396ae11f33_brand_dettol_header-scaled-1600x900.jpg
https://cdn.prod.website-files.com/64c8db4525075f4f57f9539a/65d8b12344aab8eaac090077_Rijksmuseum.jpg	65d8b12344aab8eaac090077_Rijksmuseum.jpg
https://cdn.prod.website-files.com/64c8db4525075f4f57f9539a/64e7ddbda46002919c8303e7_Rijksmuseum-logo-2012.png	64e7ddbda46002919c8303e7_Rijksmuseum-logo-2012.png
https://cdn.prod.website-files.com/64c8db4525075f4f57f9539a/65d892ff7fe1606fec4a8a29_auping.webp	65d892ff7fe1606fec4a8a29_auping.webp
https://cdn.prod.website-files.com/64c8db4525075f4f57f9539a/64e7ddfaef3736466984886d_Auping-logo.png	64e7ddfaef3736466984886d_Auping-logo.png
https://cdn.prod.website-files.com/64c8db4525075f4f57f9539a/6908b04a5df5047c8526840b_181709.jpg	6908b04a5df5047c8526840b_181709.jpg
https://cdn.prod.website-files.com/64c8db4525075f4f57f9539a/64e7d5281ffd9749819b78be_Smart-Factory-Le-Vaudreuil-5R2A0227-jpg-Picture--scaled.jpg	7d5281ffd9749819b78be_Smart-Factory-Le-Vaudreuil-5R2A0227-jpg-Picture-scaled.jpg
https://cdn.prod.website-files.com/64c8db4525075f4f57f9539a/64e7d52af64bbb411bec90e0_Schneider-Electric-logo-jpg-.png	64e7d52af64bbb411bec90e0_Schneider-Electric-logo-jpg-.png
https://cdn.prod.website-files.com/64c8db4525075f4f57f9539a/691da9c80a420347e4780eeb_uniforme-duurzaamheidsdata-onontbeerlijk-in-transitie-naar-circulaire-economie.jpg	iforme-duurzaamheidsdata-onontbeerlijk-in-transitie-naar-circulaire-economie.jpg
https://cdn.prod.website-files.com/64c8db4525075f4f57f9539a/691da4a2eff4023e731e873c_1200px-Logo_GS1.svg_-1024x856.png	691da4a2eff4023e731e873c_1200px-Logo_GS1.svg_-1024x856.png
https://cdn.prod.website-files.com/64c8db4525075f4f57f9539a/64e7de66eaa51f2b6e1f7172_Shell-pecten-logo-on-refueling-station-scaled.jpg	64e7de66eaa51f2b6e1f7172_Shell-pecten-logo-on-refueling-station-scaled.jpg
https://cdn.prod.website-files.com/64c8db4525075f4f57f9539a/64e7de64d131c5edd1d26632_04.-Logo_Shell.png	64e7de64d131c5edd1d26632_04.-Logo_Shell.png
https://cdn.prod.website-files.com/64c8db4525075f4f57f9539a/66c72d8161658cda138ec119_Shell-2.jpg	66c72d8161658cda138ec119_Shell-2.jpg
https://cdn.prod.website-files.com/64c8db4525075f4f57f9539a/66c72abecf1430f956081f49_Shell%20flag.jpg	66c72abecf1430f956081f49_Shell-flag.jpg
https://cdn.prod.website-files.com/64c8db4525075f4f57f9539a/6908ae078105e9ba5f91b3bb_30774549.jpg	6908ae078105e9ba5f91b3bb_30774549.jpg
https://cdn.prod.website-files.com/64c8db4525075f4f57f9539a/66aca9a953a717d04edc52fc_SHV-energy.jpg	66aca9a953a717d04edc52fc_SHV-energy.jpg
https://cdn.prod.website-files.com/64c8db4525075f4f57f9539a/690b46b8e2bd3ee29c17d4da_sligro-vestiging.jpeg	690b46b8e2bd3ee29c17d4da_sligro-vestiging.jpeg
https://cdn.prod.website-files.com/64c8db4525075f4f57f9539a/64e7def5a798c64d9fb7160d_sligro.png	64e7def5a798c64d9fb7160d_sligro.png
https://cdn.prod.website-files.com/64c8db4525075f4f57f9539a/65c601aa87363f38ac3f82d9_banner%20stories%20that%20move.jpg	65c601aa87363f38ac3f82d9_banner-stories-that-move.jpg
https://cdn.prod.website-files.com/64c8db4525075f4f57f9539a/65c6016dfb8e7d7f906db80c_Stichting%20Anne%20Frank%20Logo.png	65c6016dfb8e7d7f906db80c_Stichting-Anne-Frank-Logo.png
https://cdn.prod.website-files.com/64c8db4525075f4f57f9539a/6908ae9f0a8f3222f6f74290_207524.jpg	6908ae9f0a8f3222f6f74290_207524.jpg
https://cdn.prod.website-files.com/64c8db4525075f4f57f9539a/6908ce22d270d22c8cf0c7c0_OIP%20(3).webp	6908ce22d270d22c8cf0c7c0_OIP-3-.webp
https://cdn.prod.website-files.com/64c8db4525075f4f57f9539a/66c72e100a006b18d619e205_Shell3.jpg	66c72e100a006b18d619e205_Shell3.jpg
https://cdn.prod.website-files.com/64c8db4525075f4f57f9539a/64e4e233de0749bbae4986c7_treatwell.jpg	64e4e233de0749bbae4986c7_treatwell.jpg
https://cdn.prod.website-files.com/64c8db4525075f4f57f9539a/64e4e22ecd6c380d6ec28c7f_Treatwell_Logotype_Orange_RGB_HR.png	64e4e22ecd6c380d6ec28c7f_Treatwell_Logotype_Orange_RGB_HR.png
https://cdn.prod.website-files.com/64c8db4525075f4f57f9539a/64e4e21c3b6721953184f75a_ufs2-1600x900.jpg	64e4e21c3b6721953184f75a_ufs2-1600x900.jpg
https://cdn.prod.website-files.com/64c8db4525075f4f57f9539a/64e4e21759c401dd45526f53_UFS_logo.png	64e4e21759c401dd45526f53_UFS_logo.png
https://cdn.prod.website-files.com/64c8db4525075f4f57f9539a/6908d5395d3b39080c51cbe0_OIP%20(5).webp	6908d5395d3b39080c51cbe0_OIP-5-.webp
https://cdn.prod.website-files.com/64c8db4525075f4f57f9539a/64e4e2019beb28d11fe70822_08.-Logo_Van-Oord.png	64e4e2019beb28d11fe70822_08.-Logo_Van-Oord.png
https://cdn.prod.website-files.com/64c8db4525075f4f57f9539a/668bc93ea7a40b71ce95966c_vnab-image-v2.jpg	668bc93ea7a40b71ce95966c_vnab-image-v2.jpg
https://cdn.prod.website-files.com/64c8db4525075f4f57f9539a/668bc614000bd2f19f65d1de_logo-vnab.png	668bc614000bd2f19f65d1de_logo-vnab.png
https://cdn.prod.website-files.com/64c8db4525075f4f57f9539a/690b42d04ea6fb61c563f935_7423.jpg	690b42d04ea6fb61c563f935_7423.jpg
https://cdn.prod.website-files.com/64c8db4525075f4f57f9539a/64e4e1ad1e60106502bbcada_Walvis_logo.png	64e4e1ad1e60106502bbcada_Walvis_logo.png
https://cdn.prod.website-files.com/64c8db4525075f4f57f9539a/64e4e190914683b8aa642314_WehkampHeaderSO.jpg	64e4e190914683b8aa642314_WehkampHeaderSO.jpg
https://cdn.prod.website-files.com/64c8db4525075f4f57f9539a/65c6021ec003d026d1c2346a_Wehkamp%20logo.png	65c6021ec003d026d1c2346a_Wehkamp-logo.png
https://cdn.prod.website-files.com/64c8db4525075f4f57f9539a/64e4e1756169a29d167d6377_adam-winger-THiqda3iGM-unsplash-scaled-1600x900.jpg	64e4e1756169a29d167d6377_adam-winger-THiqda3iGM-unsplash-scaled-1600x900.jpg
https://cdn.prod.website-files.com/64c8db4525075f4f57f9539a/64e4e156c0244363eae13cae_Wella-Logo.png	64e4e156c0244363eae13cae_Wella-Logo.png
https://cdn.prod.website-files.com/64c8db4525075f4f57f9539a/64e4e15df035dc3f432ab342_CareStyling_Base_Wave2_Care_BTS_FUSION_18-scaled-1600x900.jpg	5df035dc3f432ab342_CareStyling_Base_Wave2_Care_BTS_FUSION_18-scaled-1600x900.jpg
https://cdn.prod.website-files.com/64c8db4525075f4f57f9539a/64ec5d8d12bf5ac64117fddf_Zeeman-Case-SparkOptimus.png	64ec5d8d12bf5ac64117fddf_Zeeman-Case-SparkOptimus.png
https://cdn.prod.website-files.com/64c8db4525075f4f57f9539a/64ec5d8f1d4114b50bfef30e_Zeeman-Logo.png	64ec5d8f1d4114b50bfef30e_Zeeman-Logo.png
https://cdn.prod.website-files.com/64c8db4525075f4f57f9539a/69c512825ec2299d063e946b_sawa-bouw-augustus-2024-3_0.jpg.webp	69c512825ec2299d063e946b_sawa-bouw-augustus-2024-3_0.jpg.webp
https://cdn.prod.website-files.com/64c8db4525075f4f57f9539a/69c512485042bca93cbd54d3_c5ec4e9a-0bd2-44e0-8284-69ea2b7a5e59.png	69c512485042bca93cbd54d3_c5ec4e9a-0bd2-44e0-8284-69ea2b7a5e59.png
https://cdn.prod.website-files.com/64c8db4525075f4f57f9539a/695e35d0961130331dc5760a_687a5963bcd288715d927ea4_7E3A0903%20(6)-p-2000.png	695e35d0961130331dc5760a_687a5963bcd288715d927ea4_7E3A0903-6-p-2000.png
https://cdn.prod.website-files.com/64c8db4525075f4f57f9539a/664cabb92f679b4efd7d1510_steven.png	664cabb92f679b4efd7d1510_steven.png
https://cdn.prod.website-files.com/64c8db4525075f4f57f9539a/64db5fd08003b5f9768f64fa__Steven-Leest-SparkOptimus.webp	64db5fd08003b5f9768f64fa__Steven-Leest-SparkOptimus.webp
https://cdn.prod.website-files.com/64c8db4525075f4f57f9539a/65b8ba4c7ae8199fa52c51e8_matti-v2.png	65b8ba4c7ae8199fa52c51e8_matti-v2.png
https://cdn.prod.website-files.com/64c8db4525075f4f57f9539a/67e51292e1f3f83b0af6fda4_650abba0fb3c4fed1715add6_Michiel-Boss-Partner-SparkOptimus-V1.png	f3f83b0af6fda4_650abba0fb3c4fed1715add6_Michiel-Boss-Partner-SparkOptimus-V1.png
https://cdn.prod.website-files.com/64c8db4525075f4f57f9539a/65d49d2cbe26993bd6e6902b_Vincent.png	65d49d2cbe26993bd6e6902b_Vincent.png
https://cdn.prod.website-files.com/64c8db4525075f4f57f9539a/65cdf11dc3caeac97a26bba5_steven-koolen.png	65cdf11dc3caeac97a26bba5_steven-koolen.png
https://cdn.prod.website-files.com/64c8db4525075f4f57f9539a/66be09a108ca5ff2a94ea65a_Steven-Koolen-no-background.png	66be09a108ca5ff2a94ea65a_Steven-Koolen-no-background.png
https://cdn.prod.website-files.com/64c8db4525075f4f57f9539a/658173e0625f4b88be97dfa8_Amy-tuk-v3.png	658173e0625f4b88be97dfa8_Amy-tuk-v3.png
https://cdn.prod.website-files.com/64c8db4525075f4f57f9539a/670e3179caa948a69cb1ed4b_Matti-no-nackground-new.png	670e3179caa948a69cb1ed4b_Matti-no-nackground-new.png
https://cdn.prod.website-files.com/64c8db4525075f4f57f9539a/66715164c2b2171a49248269_freepik_br_3b1ce050-2763-4cad-9da3-ab295b8e54f6.png	66715164c2b2171a49248269_freepik_br_3b1ce050-2763-4cad-9da3-ab295b8e54f6.png
https://cdn.prod.website-files.com/64c8db4525075f4f57f9539a/6a169b192f306b9b4a44903c_beautiful-shot-historic-binnenhof-castle-netherlands%20(1).jpg	9b192f306b9b4a44903c_beautiful-shot-historic-binnenhof-castle-netherlands-1-.jpg
https://cdn.prod.website-files.com/64c8db4525075f4f57f9539a/68fb7ed451c6326e47fe0436_renewable-power-harmonizing-with-lush-surroundings-blending-nature-sustainability-copy-space.jpg	harmonizing-with-lush-surroundings-blending-nature-sustainability-copy-space.jpg
https://cdn.prod.website-files.com/64c8db4525075f4f57f9539a/68fb8ace458197ee8aa4f6a1_businessmen-working-office%20(1)%20(1).jpg	68fb8ace458197ee8aa4f6a1_businessmen-working-office-1-1-.jpg
https://cdn.prod.website-files.com/64c8db4525075f4f57f9539a/68c3cb7bc9e146fd3fe48002_paymo-nl_BzA2z6LE-unsplash.jpg	68c3cb7bc9e146fd3fe48002_paymo-nl_BzA2z6LE-unsplash.jpg
https://cdn.prod.website-files.com/64c8db4525075f4f57f9539a/673b54410894e96a92115b06_Gen-AI-CPG-article.jpg	673b54410894e96a92115b06_Gen-AI-CPG-article.jpg
https://cdn.prod.website-files.com/64c8db4525075f4f57f9539a/66b093a409d7a4c45ea03a07_20180410_SparkOptimus_Rijksmuseum-0076-0279.jpg	66b093a409d7a4c45ea03a07_20180410_SparkOptimus_Rijksmuseum-0076-0279.jpg
https://cdn.prod.website-files.com/64c8db4525075f4f57f9539a/665ef1f345274311f853cd2b_industrial-genAI-use-cases.jpg	665ef1f345274311f853cd2b_industrial-genAI-use-cases.jpg
https://cdn.prod.website-files.com/64c8db4525075f4f57f9539a/66507ad2ec101759ca4aef1e_10-best-practices-article-hero-v3.jpg	66507ad2ec101759ca4aef1e_10-best-practices-article-hero-v3.jpg
https://cdn.prod.website-files.com/64c8db4525075f4f57f9539a/6645b3f0bce624f09ce0fe20_AI-Energy-Utilities.jpg	6645b3f0bce624f09ce0fe20_AI-Energy-Utilities.jpg
https://cdn.prod.website-files.com/64c8db4525075f4f57f9539a/66794a6dacaac2b7c0f584d3_drinkwell-01.jpg	66794a6dacaac2b7c0f584d3_drinkwell-01.jpg
https://cdn.prod.website-files.com/64c8db4525075f4f57f9539a/6644d5bfb77788bc333b6451_iStock-1486511048.jpg	6644d5bfb77788bc333b6451_iStock-1486511048.jpg
https://cdn.prod.website-files.com/64c8db4525075f4f57f9539a/6565ec9988a004c586e97ae8_Article%20banner%20-%20Generative%20AI%20and%20the%20future%20of%20work.jpg	6565ec9988a004c586e97ae8_Article-banner-Generative-AI-and-the-future-of-work.jpg
https://cdn.prod.website-files.com/64c8db4525075f4f57f9539a/64e7f1b4939b52e3b31895f1_venture-team-v3-scaled.jpg	64e7f1b4939b52e3b31895f1_venture-team-v3-scaled.jpg
https://cdn.prod.website-files.com/64c8db4525075f4f57f9539a/64e804675645561b969034cc_GenAI-article-2-blog-V2.png	64e804675645561b969034cc_GenAI-article-2-blog-V2.png
https://cdn.prod.website-files.com/64c8db4525075f4f57f9539a/64e80429c3e5fe180647319b_GenerativeAI-1-Blog-banner-V2.png	64e80429c3e5fe180647319b_GenerativeAI-1-Blog-banner-V2.png
https://cdn.prod.website-files.com/64c8db4525075f4f57f9539a/64e803ce0c88780c162ec75b_governance-article-header-01-scaled.jpg	64e803ce0c88780c162ec75b_governance-article-header-01-scaled.jpg
https://cdn.prod.website-files.com/64c8db4525075f4f57f9539a/64e8038ec3e5fe180646954d_pitfalls-03-1.jpg	64e8038ec3e5fe180646954d_pitfalls-03-1.jpg
https://cdn.prod.website-files.com/64c8db4525075f4f57f9539a/64e8034b77552da1291af01c_How-to-scale-corporate-venture-01.jpg	64e8034b77552da1291af01c_How-to-scale-corporate-venture-01.jpg
https://cdn.prod.website-files.com/64c8db4525075f4f57f9539a/64e802f460972943e53080df_how-to-build-a-venture--scaled.jpg	64e802f460972943e53080df_how-to-build-a-venture-scaled.jpg
https://cdn.prod.website-files.com/64c8db4525075f4f57f9539a/64e802ae6d9402690c283da3_SparkOptimus-Teamwork.jpg	64e802ae6d9402690c283da3_SparkOptimus-Teamwork.jpg
https://cdn.prod.website-files.com/64c8db4525075f4f57f9539a/64e800544ba3478eb153e145_desiree-fawn-0tkmbWNLm9E-unsplash-scaled.jpg	64e800544ba3478eb153e145_desiree-fawn-0tkmbWNLm9E-unsplash-scaled.jpg
https://cdn.prod.website-files.com/64c8db4525075f4f57f9539a/64e7fff21a7c13f3ff2e408e_pexels-denise-duplinski-3819817-scaled.jpg	64e7fff21a7c13f3ff2e408e_pexels-denise-duplinski-3819817-scaled.jpg
https://cdn.prod.website-files.com/64c8db4525075f4f57f9539a/64e801b6145ef0a4f70e7ab4_pexels-startup-stock-photos-212286-scaled.jpg	64e801b6145ef0a4f70e7ab4_pexels-startup-stock-photos-212286-scaled.jpg
https://cdn.prod.website-files.com/64c8db4525075f4f57f9539a/64e7ff849bad3849dfe4ee7d_HBR_flags-2.jpg	64e7ff849bad3849dfe4ee7d_HBR_flags-2.jpg
https://cdn.prod.website-files.com/64c8db4525075f4f57f9539a/64e7fde87325399b689ab55a_20191003_SparkOptimus_021-5168.jpg	64e7fde87325399b689ab55a_20191003_SparkOptimus_021-5168.jpg
https://cdn.prod.website-files.com/64c8db4525075f4f57f9539a/64e7fda8234d12f1e3795a25_bewerkt-DSC_0019-scaled.jpg	64e7fda8234d12f1e3795a25_bewerkt-DSC_0019-scaled.jpg
https://cdn.prod.website-files.com/64c8db4525075f4f57f9539a/64e7fc5c6d9402690c20a8e5_pexels-christina-morillo-1181354-scaled.jpg	64e7fc5c6d9402690c20a8e5_pexels-christina-morillo-1181354-scaled.jpg
https://cdn.prod.website-files.com/64c8db4525075f4f57f9539a/64e7fbf68f98068129899d37_anastasiia-kamil-RHA-GKdSAew-unsplash-scaled.jpg	64e7fbf68f98068129899d37_anastasiia-kamil-RHA-GKdSAew-unsplash-scaled.jpg
https://cdn.prod.website-files.com/64c8db4525075f4f57f9539a/64e7fb9a7ae95d2df2cf7a04_IconMan2.jpg	64e7fb9a7ae95d2df2cf7a04_IconMan2.jpg
https://cdn.prod.website-files.com/64c8db4525075f4f57f9539a/64e7fccb9bad3849dfe1af3d_20191003_SparkOptimus_013-49515-e1591357067745.jpg	64e7fccb9bad3849dfe1af3d_20191003_SparkOptimus_013-49515-e1591357067745.jpg
https://cdn.prod.website-files.com/64c8db4525075f4f57f9539a/64e7faa3f059626b159d8ce8_abstract-art-blur-bright-373543-scaled.jpg	64e7faa3f059626b159d8ce8_abstract-art-blur-bright-373543-scaled.jpg
https://cdn.prod.website-files.com/64c8db4525075f4f57f9539a/64e7fa03234d12f1e3748070_working-macbook-computer-keyboard-34577-scaled-e1585396224993.jpg	4d12f1e3748070_working-macbook-computer-keyboard-34577-scaled-e1585396224993.jpg
https://cdn.prod.website-files.com/64c8db4525075f4f57f9539a/64e7f60dcd840fc62bef6c74_20191120-HBR-article-visual.jpg	64e7f60dcd840fc62bef6c74_20191120-HBR-article-visual.jpg
https://cdn.prod.website-files.com/64c8db4525075f4f57f9539a/68fb8a5ea3c0996ca69c738e_Screensho.jpg	68fb8a5ea3c0996ca69c738e_Screensho.jpg
https://cdn.prod.website-files.com/64c8db4525075f4f57f9539a/68c3d578fb0e520ce207b38e_Banner.png	68c3d578fb0e520ce207b38e_Banner.png
https://cdn.prod.website-files.com/64c8db4525075f4f57f9539a/673b6202bf572bf96aef5a7c_673b61fa1fb42a598490f1c6_Gen-AI-CPG-article-visual-04.jpeg	b6202bf572bf96aef5a7c_673b61fa1fb42a598490f1c6_Gen-AI-CPG-article-visual-04.jpeg
https://cdn.prod.website-files.com/64c8db4525075f4f57f9539a/673b624ed8847fae228c3ad7_673b62463ef2596476792a86_Gen-AI-CPG-article-visual-05.jpeg	b624ed8847fae228c3ad7_673b62463ef2596476792a86_Gen-AI-CPG-article-visual-05.jpeg
https://cdn.prod.website-files.com/64c8db4525075f4f57f9539a/673b61430c0a41d8bcad3ad9_673b5eb7838f213c813d9e72_Gen-AI-CPG-report-download.png	673b61430c0a41d8bcad3ad9_673b5eb7838f213c813d9e72_Gen-AI-CPG-report-download.png
https://cdn.prod.website-files.com/64c8db4525075f4f57f9539a/66bb51707276aae6832ae1fc_66bb4f79494ed342b9bc549c_the-transformation-framework-V01.png	707276aae6832ae1fc_66bb4f79494ed342b9bc549c_the-transformation-framework-V01.png
https://cdn.prod.website-files.com/64c8db4525075f4f57f9539a/66bb51707276aae6832ae1f3_66bb4f6b21d24fdb833bccbb_the-transformation-framework-V01-north-star.png	32ae1f3_66bb4f6b21d24fdb833bccbb_the-transformation-framework-V01-north-star.png
https://cdn.prod.website-files.com/64c8db4525075f4f57f9539a/66b09b18fcdccf99406b5b79_66b097dda9913180f40dd160_Collaborating-in-cross-functional-teams.jpeg	99406b5b79_66b097dda9913180f40dd160_Collaborating-in-cross-functional-teams.jpeg
https://cdn.prod.website-files.com/64c8db4525075f4f57f9539a/66bb51717276aae6832ae218_66bb507acb21e63d782e4417_the-transformation-framework-V02-three-horizons.png	218_66bb507acb21e63d782e4417_the-transformation-framework-V02-three-horizons.png
https://cdn.prod.website-files.com/64c8db4525075f4f57f9539a/66bb51707276aae6832ae1f9_66bb511e114aa5095da0d882_the-transformation-framework-V02-talent.png	ae6832ae1f9_66bb511e114aa5095da0d882_the-transformation-framework-V02-talent.png
https://cdn.prod.website-files.com/64c8db4525075f4f57f9539a/66b09af02e82ae734b9c8fc3_Tom-Voskes-SparkOptimus.png	66b09af02e82ae734b9c8fc3_Tom-Voskes-SparkOptimus.png
https://cdn.prod.website-files.com/64c8db4525075f4f57f9539a/66dab82ff8c407c51107a3b7_665ef58e5062c21680f4403a_Before-test-result.jpeg	66dab82ff8c407c51107a3b7_665ef58e5062c21680f4403a_Before-test-result.jpeg
https://cdn.prod.website-files.com/64c8db4525075f4f57f9539a/66dab82ff8c407c51107a3ba_665ef5d8514da7a69fd99763_pre-visit.jpeg	66dab82ff8c407c51107a3ba_665ef5d8514da7a69fd99763_pre-visit.jpeg
https://cdn.prod.website-files.com/64c8db4525075f4f57f9539a/66dab82ff8c407c51107a3b2_665f2679b736b07bbee4d518_example.jpeg	66dab82ff8c407c51107a3b2_665f2679b736b07bbee4d518_example.jpeg
https://cdn.prod.website-files.com/64c8db4525075f4f57f9539a/6666cbe67fbee6673727455e_freepik-export-20240610094716WCWn.png	6666cbe67fbee6673727455e_freepik-export-20240610094716WCWn.png
https://cdn.prod.website-files.com/64c8db4525075f4f57f9539a/66dab8368ebc67e4e8fa1c6f_6650428cd5be0e86e5d4ebff_10-strategic-principles.png	66dab8368ebc67e4e8fa1c6f_6650428cd5be0e86e5d4ebff_10-strategic-principles.png
https://cdn.prod.website-files.com/64c8db4525075f4f57f9539a/66dab8368ebc67e4e8fa1c78_66503de69524f1a47be229e5_Uber-app-homescreen.jpeg	66dab8368ebc67e4e8fa1c78_66503de69524f1a47be229e5_Uber-app-homescreen.jpeg
https://cdn.prod.website-files.com/64c8db4525075f4f57f9539a/66dab8368ebc67e4e8fa1c72_66503ea2f11d318a8f6550c5_Booking-B2B.png	66dab8368ebc67e4e8fa1c72_66503ea2f11d318a8f6550c5_Booking-B2B.png
https://cdn.prod.website-files.com/64c8db4525075f4f57f9539a/66dab8368ebc67e4e8fa1c69_6650408368e61fbdbe7c4bf0_air-bnb-example.jpeg	66dab8368ebc67e4e8fa1c69_6650408368e61fbdbe7c4bf0_air-bnb-example.jpeg
https://cdn.prod.website-files.com/64c8db4525075f4f57f9539a/6669a4af713868d78dd19e0c_Hidde-NBKGR.png	6669a4af713868d78dd19e0c_Hidde-NBKGR.png
https://cdn.prod.website-files.com/64c8db4525075f4f57f9539a/66c6eaa34066a8e50b74542d_665f28df50a7fbebe402b844_Generated%2520self-service%2520repair%2520guides.jpeg	b74542d_665f28df50a7fbebe402b844_Generated-20self-service-20repair-20guides.jpeg
https://cdn.prod.website-files.com/64c8db4525075f4f57f9539a/66c6eaa34066a8e50b74542a_665f27c52743ac2d404d629a_Automated%2520call%2520logging%2520and%2520summarization.jpeg	a_665f27c52743ac2d404d629a_Automated-20call-20logging-20and-20summarization.jpeg
https://cdn.prod.website-files.com/64c8db4525075f4f57f9539a/66c6eaa34066a8e50b745430_665f28fc1443551adcbc4d88_Maintenance%2520%2526%2520technician%2520assistance.jpeg	745430_665f28fc1443551adcbc4d88_Maintenance-20-26-20technician-20assistance.jpeg
https://cdn.prod.website-files.com/64c8db4525075f4f57f9539a/66c6eaa34066a8e50b7453ff_665f27d8e3961f1874ee1fb3_Automated%2520customer%2520FAQ%2520updating.jpeg	a8e50b7453ff_665f27d8e3961f1874ee1fb3_Automated-20customer-20FAQ-20updating.jpeg
https://cdn.prod.website-files.com/64c8db4525075f4f57f9539a/6669a55eafccd5c0f7148b02_matti-NBKGR.png	6669a55eafccd5c0f7148b02_matti-NBKGR.png
https://cdn.prod.website-files.com/64c8db4525075f4f57f9539a/66dab85342c23ab5f822db10_6650721ac850d9de722ba1e7_GenAI-customer-services.jpeg	66dab85342c23ab5f822db10_6650721ac850d9de722ba1e7_GenAI-customer-services.jpeg
https://cdn.prod.website-files.com/64c8db4525075f4f57f9539a/66dab85342c23ab5f822dae4_66507276844dcd1fbcf600e2_GenAI-sales-assistant.jpeg	66dab85342c23ab5f822dae4_66507276844dcd1fbcf600e2_GenAI-sales-assistant.jpeg
https://cdn.prod.website-files.com/64c8db4525075f4f57f9539a/66dab85342c23ab5f822daea_665074beaccc86f089116bd1_Online-consumer-journey.jpeg	66dab85342c23ab5f822daea_665074beaccc86f089116bd1_Online-consumer-journey.jpeg
https://cdn.prod.website-files.com/64c8db4525075f4f57f9539a/66dab85342c23ab5f822db00_6650734feba51af3a074ff00_GenAI-efficiency-gains.jpeg	66dab85342c23ab5f822db00_6650734feba51af3a074ff00_GenAI-efficiency-gains.jpeg
https://cdn.prod.website-files.com/64c8db4525075f4f57f9539a/66dab8743ade40b90bc6347d_665f27ff68eab317f6d40e56_Improved%2520customer%2520due%2520diligence%2520assessment.jpeg	665f27ff68eab317f6d40e56_Improved-20customer-20due-20diligence-20assessment.jpeg
https://cdn.prod.website-files.com/64c8db4525075f4f57f9539a/66dab8743ade40b90bc63469_665f27eb62b4b2150e501a9d_automated%2520market%252C%2520competitor%252C%2520and%2520pricing%2520reports.jpeg	2150e501a9d_automated-20market-2C-20competitor-2C-20and-20pricing-20reports.jpeg
https://cdn.prod.website-files.com/64c8db4525075f4f57f9539a/66dab87b57d481abeaac55c4_6571a1addd5afe390ef8a2ec_Slide1.jpeg	66dab87b57d481abeaac55c4_6571a1addd5afe390ef8a2ec_Slide1.jpeg
https://cdn.prod.website-files.com/64c8db4525075f4f57f9539a/66dab87b57d481abeaac5599_6565efa12f83ff6ce2bb74a3_Business-Sandbox-img02.png	66dab87b57d481abeaac5599_6565efa12f83ff6ce2bb74a3_Business-Sandbox-img02.png
https://cdn.prod.website-files.com/64c8db4525075f4f57f9539a/66dab87b57d481abeaac55d2_6571a209cffc720280086df9_Slide2.jpeg	66dab87b57d481abeaac55d2_6571a209cffc720280086df9_Slide2.jpeg
https://cdn.prod.website-files.com/64c8db4525075f4f57f9539a/66dab87b57d481abeaac55d6_6571a23da58452503bcdb4fe_Slide3.jpeg	66dab87b57d481abeaac55d6_6571a23da58452503bcdb4fe_Slide3.jpeg
https://cdn.prod.website-files.com/64c8db4525075f4f57f9539a/64e7f1deeaa51f2b6e3aced7_Picture1.png	64e7f1deeaa51f2b6e3aced7_Picture1.png
https://cdn.prod.website-files.com/64c8db4525075f4f57f9539a/64e7f1e8bb3400e2d424c088_velroq-01-edited-1024x491.jpeg	64e7f1e8bb3400e2d424c088_velroq-01-edited-1024x491.jpeg
https://cdn.prod.website-files.com/64c8db4525075f4f57f9539a/64e80447b00b97ccabbf649e_GenAI-questions-1-1024x415.png	64e80447b00b97ccabbf649e_GenAI-questions-1-1024x415.png
https://cdn.prod.website-files.com/64c8db4525075f4f57f9539a/64e804475645561b96900a85_picnic.png	64e804475645561b96900a85_picnic.png
https://cdn.prod.website-files.com/64c8db4525075f4f57f9539a/64e80447afe104e52eff71f3_impact.png	64e80447afe104e52eff71f3_impact.png
https://cdn.prod.website-files.com/64c8db4525075f4f57f9539a/64e80447acfdaa1696df9960_image.png	64e80447acfdaa1696df9960_image.png
https://cdn.prod.website-files.com/64c8db4525075f4f57f9539a/64e8044743656941ab769c03_Salesforce-serviceGPT-1024x576.png	64e8044743656941ab769c03_Salesforce-serviceGPT-1024x576.png
https://cdn.prod.website-files.com/64c8db4525075f4f57f9539a/64e804478c74f4adb94dde79_codewhisperer.png	64e804478c74f4adb94dde79_codewhisperer.png
https://cdn.prod.website-files.com/64c8db4525075f4f57f9539a/64e803eaa9432f9989ae38dc_1_Artifical-intelligence-machine-learning-1024x239.png	64e803eaa9432f9989ae38dc_1_Artifical-intelligence-machine-learning-1024x239.png
https://cdn.prod.website-files.com/64c8db4525075f4f57f9539a/64e803ea0c88780c162ee638_2_Difference-AI-generative-AI-1024x443.png	64e803ea0c88780c162ee638_2_Difference-AI-generative-AI-1024x443.png
https://cdn.prod.website-files.com/64c8db4525075f4f57f9539a/64e803ea61d56e6b3e1ce623_3_Generative-AI-1024x239.png	64e803ea61d56e6b3e1ce623_3_Generative-AI-1024x239.png
https://cdn.prod.website-files.com/64c8db4525075f4f57f9539a/64e803ea3124c9b0ac280d5b_4_Neural-network.png	64e803ea3124c9b0ac280d5b_4_Neural-network.png
https://cdn.prod.website-files.com/64c8db4525075f4f57f9539a/64e803eaff7569e887648652_5_Transformers-1024x406.png	64e803eaff7569e887648652_5_Transformers-1024x406.png
https://cdn.prod.website-files.com/64c8db4525075f4f57f9539a/64e803ea0c88780c162ee634_6_Large-language-models-1024x406.png	64e803ea0c88780c162ee634_6_Large-language-models-1024x406.png
https://cdn.prod.website-files.com/64c8db4525075f4f57f9539a/64e803ebc3e5fe180646f13f_7_ChatGPT-training-1024x416.png	64e803ebc3e5fe180646f13f_7_ChatGPT-training-1024x416.png
https://cdn.prod.website-files.com/64c8db4525075f4f57f9539a/64e803b15645561b968f7fba_image.png	64e803b15645561b968f7fba_image.png
https://cdn.prod.website-files.com/64c8db4525075f4f57f9539a/64e803b1689c0f5120126a6f_image-1.png	64e803b1689c0f5120126a6f_image-1.png
https://cdn.prod.website-files.com/64c8db4525075f4f57f9539a/64e803b1f4507a268c4b9923_image-2.png	64e803b1f4507a268c4b9923_image-2.png
https://cdn.prod.website-files.com/64c8db4525075f4f57f9539a/64e8031cafe104e52efe36b0_image.png	64e8031cafe104e52efe36b0_image.png
https://cdn.prod.website-files.com/64c8db4525075f4f57f9539a/64e8031c0c88780c162dfd04_image-1.png	64e8031c0c88780c162dfd04_image-1.png
https://cdn.prod.website-files.com/64c8db4525075f4f57f9539a/64e802ca7fa59319efbd2ba3_How-to-build-a-venture-trust-the-process-1024x542.jpeg	64e802ca7fa59319efbd2ba3_How-to-build-a-venture-trust-the-process-1024x542.jpeg
https://cdn.prod.website-files.com/64c8db4525075f4f57f9539a/64e802ca6f19bb1f341503ab_how-to-build-venture-things-to-get-right-1024x557.jpeg	64e802ca6f19bb1f341503ab_how-to-build-venture-things-to-get-right-1024x557.jpeg
https://cdn.prod.website-files.com/64c8db4525075f4f57f9539a/64e802cacd840fc62bfe5af9_image-2.png	64e802cacd840fc62bfe5af9_image-2.png
https://cdn.prod.website-files.com/64c8db4525075f4f57f9539a/64e802caa18c486a6139a110_how-to-build-venture-the-proof-1024x553.jpeg	64e802caa18c486a6139a110_how-to-build-venture-the-proof-1024x553.jpeg
https://cdn.prod.website-files.com/64c8db4525075f4f57f9539a/64e802ca145cadab88f1aece_how-to-build-venture-test-validate-1024x557.jpeg	64e802ca145cadab88f1aece_how-to-build-venture-test-validate-1024x557.jpeg
https://cdn.prod.website-files.com/64c8db4525075f4f57f9539a/64e802ca8f9806812992727e_how-to-build-venture-build-launch-1024x558.jpeg	64e802ca8f9806812992727e_how-to-build-venture-build-launch-1024x558.jpeg
https://cdn.prod.website-files.com/64c8db4525075f4f57f9539a/64e802cb145ef0a4f70fe3a7_how-to-build-venture-workstreams-1024x602.jpeg	64e802cb145ef0a4f70fe3a7_how-to-build-venture-workstreams-1024x602.jpeg
https://cdn.prod.website-files.com/64c8db4525075f4f57f9539a/64e802cb8f980681299272cc_how-to-build-venture-accelerate-scale-1024x572.jpeg	64e802cb8f980681299272cc_how-to-build-venture-accelerate-scale-1024x572.jpeg
https://cdn.prod.website-files.com/64c8db4525075f4f57f9539a/64e802cb5bdb98730f42b22f_how-to-build-venture-explore-1024x544.jpeg	64e802cb5bdb98730f42b22f_how-to-build-venture-explore-1024x544.jpeg
https://cdn.prod.website-files.com/64c8db4525075f4f57f9539a/64e8024fdc35df3238db2391_corporate-ventures-beat-startups_v2.png	64e8024fdc35df3238db2391_corporate-ventures-beat-startups_v2.png
https://cdn.prod.website-files.com/64c8db4525075f4f57f9539a/64e8024f9bad3849dfe81383_3-horizons_v2-1.png	64e8024f9bad3849dfe81383_3-horizons_v2-1.png
https://cdn.prod.website-files.com/64c8db4525075f4f57f9539a/64e8024fcd840fc62bfdcc71_car2go-vipps-v2-1-1024x569.png	64e8024fcd840fc62bfdcc71_car2go-vipps-v2-1-1024x569.png
https://cdn.prod.website-files.com/64c8db4525075f4f57f9539a/64e8024f7ae95d2df2d702a5_exploit-vs-explore_v2-1024x559.png	64e8024f7ae95d2df2d702a5_exploit-vs-explore_v2-1024x559.png
https://cdn.prod.website-files.com/64c8db4525075f4f57f9539a/64e8011c145ef0a4f70dce9e_Volkert_Doeksen-1024x344.png	64e8011c145ef0a4f70dce9e_Volkert_Doeksen-1024x344.png
https://cdn.prod.website-files.com/64c8db4525075f4f57f9539a/66714e708309c6fd1c4fe8ea_freepik_br_2e8cf3a3-4453-48bd-af72-2f3cf2ac5321.png	66714e708309c6fd1c4fe8ea_freepik_br_2e8cf3a3-4453-48bd-af72-2f3cf2ac5321.png
https://cdn.prod.website-files.com/64c8db4525075f4f57f9539a/64e7ffb37ae95d2df2d419e5_Just-eat-takeaway.jpeg	64e7ffb37ae95d2df2d419e5_Just-eat-takeaway.jpeg
https://cdn.prod.website-files.com/64c8db4525075f4f57f9539a/66714e311465eb047bcb096a_freepik_br_0d62ef55-7b22-419c-934c-82f27850380c.png	66714e311465eb047bcb096a_freepik_br_0d62ef55-7b22-419c-934c-82f27850380c.png
https://cdn.prod.website-files.com/64c8db4525075f4f57f9539a/64e80155457c059addd2146c_3-horizons.png	64e80155457c059addd2146c_3-horizons.png
https://cdn.prod.website-files.com/64c8db4525075f4f57f9539a/66714eb9c4748bd6132fe136_freepik_br_baf630ae-ec24-4469-9d93-feb53c8af60b.png	66714eb9c4748bd6132fe136_freepik_br_baf630ae-ec24-4469-9d93-feb53c8af60b.png
https://cdn.prod.website-files.com/64c8db4525075f4f57f9539a/66714f1cd78a1f5cab0cdbb1_freepik_br_965d7251-b5ad-4d8a-a10f-bef93331cd09.png	66714f1cd78a1f5cab0cdbb1_freepik_br_965d7251-b5ad-4d8a-a10f-bef93331cd09.png
https://cdn.prod.website-files.com/64c8db4525075f4f57f9539a/64e7fc2dcd840fc62bf6a6bc_Supermarkt-pic-300x207.jpeg	64e7fc2dcd840fc62bf6a6bc_Supermarkt-pic-300x207.jpeg
https://cdn.prod.website-files.com/64c8db4525075f4f57f9539a/64e7fa435bdb98730f387d50_a0aFigure-1-1024x574-1.png	64e7fa435bdb98730f387d50_a0aFigure-1-1024x574-1.png
https://cdn.prod.website-files.com/64c8db4525075f4f57f9539a/64e7fa5a234d12f1e374d647_a0a-Table1-1024x576-1.png	64e7fa5a234d12f1e374d647_a0a-Table1-1024x576-1.png
https://cdn.prod.website-files.com/64c8db4525075f4f57f9539a/64e7fa667fa59319efb316f7_a0a-Figure-2-1024x576-1.png	64e7fa667fa59319efb316f7_a0a-Figure-2-1024x576-1.png
https://cdn.prod.website-files.com/64c8db4525075f4f57f9539a/64e7fa709ec6cef009b88704_Table2-1024x576-1.png	64e7fa709ec6cef009b88704_Table2-1024x576-1.png
https://cdn.prod.website-files.com/64c8db4525075f4f57f9539a/64ef99c5c4ac7dfe8730e16f_international-beer-day-01.jpg	64ef99c5c4ac7dfe8730e16f_international-beer-day-01.jpg
https://cdn.prod.website-files.com/64c8db4525075f4f57f9539a/67caf9e92bc697c0df8e54fb_SparkOptimus-International-Womens-Day-2025-v2.jpg	67caf9e92bc697c0df8e54fb_SparkOptimus-International-Womens-Day-2025-v2.jpg
https://cdn.prod.website-files.com/64c8db4525075f4f57f9539a/67c087c96c86e0cb3dfd8bfd_a-year-pf-Bcorp.png	67c087c96c86e0cb3dfd8bfd_a-year-pf-Bcorp.png
https://cdn.prod.website-files.com/64c8db4525075f4f57f9539a/675c4d64d0d84a7f021307a5_insights%20blog-v4.jpg	675c4d64d0d84a7f021307a5_insights-blog-v4.jpg
https://cdn.prod.website-files.com/64c8db4525075f4f57f9539a/675c50af106a77f3bf971a47_Seasons%20greetings!.gif	675c50af106a77f3bf971a47_Seasons-greetings-.gif
https://cdn.prod.website-files.com/64c8db4525075f4f57f9539a/675c25cf84061ee547f12042_freepik__candid-image-photography-natural-textures-highly-r__50402.jpeg	47f12042_freepik__candid-image-photography-natural-textures-highly-r__50402.jpeg
https://cdn.prod.website-files.com/64c8db4525075f4f57f9539a/67473ae3fc1abd18758de8bd_women-in-finance-event-V2.jpg	67473ae3fc1abd18758de8bd_women-in-finance-event-V2.jpg
https://cdn.prod.website-files.com/64c8db4525075f4f57f9539a/662b895e4e936d99ca081804_emerce-100-2024-v3.png	662b895e4e936d99ca081804_emerce-100-2024-v3.png
https://cdn.prod.website-files.com/64c8db4525075f4f57f9539a/660e9189921772c10514dfa0_B%20Corp%20follow-up%20blog%20image.png	660e9189921772c10514dfa0_B-Corp-follow-up-blog-image.png
https://cdn.prod.website-files.com/64c8db4525075f4f57f9539a/65f055877a8bc38c0766ed9c_B-corp-herogif.gif	65f055877a8bc38c0766ed9c_B-corp-herogif.gif
https://cdn.prod.website-files.com/64c8db4525075f4f57f9539a/65e87d41b707d56fad3dd0a8_WID-group-hero.jpg	65e87d41b707d56fad3dd0a8_WID-group-hero.jpg
https://cdn.prod.website-files.com/64c8db4525075f4f57f9539a/65844e5ecd78dd52044253e3_reading-list-banner-V1.jpg	65844e5ecd78dd52044253e3_reading-list-banner-V1.jpg
https://cdn.prod.website-files.com/64c8db4525075f4f57f9539a/654b887c274ea3df394827c1_podcast-01.jpg	654b887c274ea3df394827c1_podcast-01.jpg
https://cdn.prod.website-files.com/64c8db4525075f4f57f9539a/64e25227731a98b8e201cb04_tales-from-the-trenches-sparkoptimus.jpg	64e25227731a98b8e201cb04_tales-from-the-trenches-sparkoptimus.jpg
https://cdn.prod.website-files.com/64c8db4525075f4f57f9539a/64f17840a9500669ff475aea_happy-sparkie-hero-edit1-scaled-1600x766.jpg	64f17840a9500669ff475aea_happy-sparkie-hero-edit1-scaled-1600x766.jpg
https://cdn.prod.website-files.com/64c8db4525075f4f57f9539a/64ec64b12a3121cc18fe227e_coffee-and-change-faces-scaled.jpg	64ec64b12a3121cc18fe227e_coffee-and-change-faces-scaled.jpg
https://cdn.prod.website-files.com/64c8db4525075f4f57f9539a/64ef9afda8e99048feb55f07_64ebd193811b07c6ca772dfa_Services-SparkOptimus.webp	64ef9afda8e99048feb55f07_64ebd193811b07c6ca772dfa_Services-SparkOptimus.webp
https://cdn.prod.website-files.com/64c8db4525075f4f57f9539a/64ec603a8fd73b1b206c2c67_New-starters-September-banner.png	64ec603a8fd73b1b206c2c67_New-starters-September-banner.png
https://cdn.prod.website-files.com/64c8db4525075f4f57f9539a/64ef9a420798b8fff4cfc7dc_Team-sustainability-01-scaled.jpg	64ef9a420798b8fff4cfc7dc_Team-sustainability-01-scaled.jpg
https://cdn.prod.website-files.com/64c8db4525075f4f57f9539a/64ef9979a7194897c4fe13a2_Celebrations-scaled.jpg	64ef9979a7194897c4fe13a2_Celebrations-scaled.jpg
https://cdn.prod.website-files.com/64c8db4525075f4f57f9539a/64ec5f4512bf5ac64119aba9_Thumbnail_article_page_2.png	64ec5f4512bf5ac64119aba9_Thumbnail_article_page_2.png
https://cdn.prod.website-files.com/64c8db4525075f4f57f9539a/64ef9907e9fbef6a236679e2_RefugeeHelp-mockup-17mrt.png	64ef9907e9fbef6a236679e2_RefugeeHelp-mockup-17mrt.png
https://cdn.prod.website-files.com/64c8db4525075f4f57f9539a/64ef98b1856495547187fd5e_header_nassim.png	64ef98b1856495547187fd5e_header_nassim.png
https://cdn.prod.website-files.com/64c8db4525075f4f57f9539a/64ec6440a6c63cceaf848e38_DSC_0527-scaled.jpg	64ec6440a6c63cceaf848e38_DSC_0527-scaled.jpg
https://cdn.prod.website-files.com/64c8db4525075f4f57f9539a/64ef984317be71eab0ed0d80_Diversity-Day.png	64ef984317be71eab0ed0d80_Diversity-Day.png
https://cdn.prod.website-files.com/64c8db4525075f4f57f9539a/64ef97dcd66a67f32530bbad_DSC_0103-scaled.jpg	64ef97dcd66a67f32530bbad_DSC_0103-scaled.jpg
https://cdn.prod.website-files.com/64c8db4525075f4f57f9539a/64ef978e90d6c0c22f140c9c_New-Hires-blog-1-1-e1632835691633.png	64ef978e90d6c0c22f140c9c_New-Hires-blog-1-1-e1632835691633.png
https://cdn.prod.website-files.com/64c8db4525075f4f57f9539a/64ec61bb8fd73b1b206de427_Slide1.png	64ec61bb8fd73b1b206de427_Slide1.png
https://cdn.prod.website-files.com/64c8db4525075f4f57f9539a/64ef96f1dd737c309da8a55a_NH2.png	64ef96f1dd737c309da8a55a_NH2.png
https://cdn.prod.website-files.com/64c8db4525075f4f57f9539a/64ef95e8931278add4d1228c_andrew-ebrahim-zRwXf6PizEo-unsplash-scaled.jpg	64ef95e8931278add4d1228c_andrew-ebrahim-zRwXf6PizEo-unsplash-scaled.jpg
https://cdn.prod.website-files.com/64c8db4525075f4f57f9539a/64ef95574e47d06c35c32825_yannis-h-uaPaEM7MiQQ-unsplash-scaled.jpg	64ef95574e47d06c35c32825_yannis-h-uaPaEM7MiQQ-unsplash-scaled.jpg
https://cdn.prod.website-files.com/64c8db4525075f4f57f9539a/64ef947e8e916e8fdc55460f_DSC_0019-scaled.jpg	64ef947e8e916e8fdc55460f_DSC_0019-scaled.jpg
https://cdn.prod.website-files.com/64c8db4525075f4f57f9539a/64ef93c8fe514115c400ac39_200528-AI-masterclass-blog-visual-no-slides-5-e1590754206611.png	e514115c400ac39_200528-AI-masterclass-blog-visual-no-slides-5-e1590754206611.png
https://cdn.prod.website-files.com/64c8db4525075f4f57f9539a/64ec62423e9f2319bdfb0eb2_behind-the-scenes-at-koningsdag-thuis.jpg	64ec62423e9f2319bdfb0eb2_behind-the-scenes-at-koningsdag-thuis.jpg
https://cdn.prod.website-files.com/64c8db4525075f4f57f9539a/64ef9283199e7088e9235263_why-your-future-online-b2b.jpeg	64ef9283199e7088e9235263_why-your-future-online-b2b.jpeg
https://cdn.prod.website-files.com/64c8db4525075f4f57f9539a/64ef91a2c7153b5cc99aaeb3_200427-Koningsdag-Thuis-blog-visual-v4-1.png	64ef91a2c7153b5cc99aaeb3_200427-Koningsdag-Thuis-blog-visual-v4-1.png
https://cdn.prod.website-files.com/64c8db4525075f4f57f9539a/64ef90a885649554717df5a7_SparkOptimus-Netherland.jpg	64ef90a885649554717df5a7_SparkOptimus-Netherland.jpg
https://cdn.prod.website-files.com/64c8db4525075f4f57f9539a/64ec601ad3983303e561a545_Emerce100-2020-Interview-Picture-platter.jpg	64ec601ad3983303e561a545_Emerce100-2020-Interview-Picture-platter.jpg
https://cdn.prod.website-files.com/64c8db4525075f4f57f9539a/64ef69fbd4a0f44ff0ea51c4_200320-Lunch-update-team-check-out-v2.png	64ef69fbd4a0f44ff0ea51c4_200320-Lunch-update-team-check-out-v2.png
https://cdn.prod.website-files.com/64c8db4525075f4f57f9539a/64ef6a8cd164600f9f32ddbc_200320-Virtual-workshop-2.png	64ef6a8cd164600f9f32ddbc_200320-Virtual-workshop-2.png
https://cdn.prod.website-files.com/64c8db4525075f4f57f9539a/64ec5f1f031d1270f4f7be7a_TerraceCoffeeBreak_MarcoPiazzalungaBLUR.jpg	64ec5f1f031d1270f4f7be7a_TerraceCoffeeBreak_MarcoPiazzalungaBLUR.jpg
https://cdn.prod.website-files.com/64c8db4525075f4f57f9539a/64ec62f0f3b88c6a60299694_Groepsfoto-Women-In-Tech-Power-Break-Napa-filter-scaled.jpg	62f0f3b88c6a60299694_Groepsfoto-Women-In-Tech-Power-Break-Napa-filter-scaled.jpg
https://cdn.prod.website-files.com/64c8db4525075f4f57f9539a/64ec62834e4910fb572ce8b1_IMG_5867-scaled-e1579098611527.jpg	64ec62834e4910fb572ce8b1_IMG_5867-scaled-e1579098611527.jpg
https://cdn.prod.website-files.com/64c8db4525075f4f57f9539a/64ef6919a1ffd6baaa2fb1c2_20191213-Foto-met-Evita-Stoop-scaled.jpg	64ef6919a1ffd6baaa2fb1c2_20191213-Foto-met-Evita-Stoop-scaled.jpg
https://cdn.prod.website-files.com/64c8db4525075f4f57f9539a/64ec61669d3e4b249c024a69_WSAI2019-foto-1.jpg	64ec61669d3e4b249c024a69_WSAI2019-foto-1.jpg
https://cdn.prod.website-files.com/64c8db4525075f4f57f9539a/64ef689f0372626bda457ec3_women_boardroom_sessions.jpg	64ef689f0372626bda457ec3_women_boardroom_sessions.jpg
https://cdn.prod.website-files.com/64c8db4525075f4f57f9539a/65ddd57c53bad609472b8bfe_groepsfoto-1.jpg	65ddd57c53bad609472b8bfe_groepsfoto-1.jpg
https://cdn.prod.website-files.com/64c8db4525075f4f57f9539a/64ef67ed597eeaf765ba1fc8_ServiceLineHeader_blog.jpg	64ef67ed597eeaf765ba1fc8_ServiceLineHeader_blog.jpg
https://cdn.prod.website-files.com/64c8db4525075f4f57f9539a/64ef67757b8ca0e71e00c11e_20190702-Frieda-geeft-college.jpg	64ef67757b8ca0e71e00c11e_20190702-Frieda-geeft-college.jpg
https://cdn.prod.website-files.com/64c8db4525075f4f57f9539a/64ee17365468bd9a291a7e0a_20190510-Foto-blog.jpg	64ee17365468bd9a291a7e0a_20190510-Foto-blog.jpg
https://cdn.prod.website-files.com/64c8db4525075f4f57f9539a/64ef65f0ca063fec77560de1_SparkAroundWorldBlog.jpg	64ef65f0ca063fec77560de1_SparkAroundWorldBlog.jpg
https://cdn.prod.website-files.com/64c8db4525075f4f57f9539a/64ee1683e38868e7c14f4c3c_EmerceBlogHeader.jpg	64ee1683e38868e7c14f4c3c_EmerceBlogHeader.jpg
https://cdn.prod.website-files.com/64c8db4525075f4f57f9539a/64ee16588a7157ca7746f3cf_Foto-IMD-2-1.jpg	64ee16588a7157ca7746f3cf_Foto-IMD-2-1.jpg
https://cdn.prod.website-files.com/64c8db4525075f4f57f9539a/64ee15f159b9b782f271efc8_SOSK-1.jpg	64ee15f159b9b782f271efc8_SOSK-1.jpg
https://cdn.prod.website-files.com/64c8db4525075f4f57f9539a/64ee15ad013f436ded5a3e72_HiddevManen.jpg	64ee15ad013f436ded5a3e72_HiddevManen.jpg
https://cdn.prod.website-files.com/64c8db4525075f4f57f9539a/64edd1755da2d3c41c94e380_StrategySparkOptimus.jpg	64edd1755da2d3c41c94e380_StrategySparkOptimus.jpg
https://cdn.prod.website-files.com/64c8db4525075f4f57f9539a/64edd0d42cc421d159ed74dd_ShawnLevieBanner.jpg	64edd0d42cc421d159ed74dd_ShawnLevieBanner.jpg
https://cdn.prod.website-files.com/64c8db4525075f4f57f9539a/64edd0914a09d780cbcea701_Header2.jpg	64edd0914a09d780cbcea701_Header2.jpg
https://cdn.prod.website-files.com/64c8db4525075f4f57f9539a/64ec618804bac12e768bb370_TNW.jpg	64ec618804bac12e768bb370_TNW.jpg
https://cdn.prod.website-files.com/64c8db4525075f4f57f9539a/64ec5e4edacb057e3f41bc51_HeadingImageRijks.jpg	64ec5e4edacb057e3f41bc51_HeadingImageRijks.jpg
https://cdn.prod.website-files.com/64c8db4525075f4f57f9539a/64edcffc60a48010a48638a9_Digital-IMB.jpg	64edcffc60a48010a48638a9_Digital-IMB.jpg
https://cdn.prod.website-files.com/64c8db4525075f4f57f9539a/64edcfc96f4f9cb9b429e00a_e-retail-photo.jpg	64edcfc96f4f9cb9b429e00a_e-retail-photo.jpg
https://cdn.prod.website-files.com/64c8db4525075f4f57f9539a/64edcf16d41f3a22ad035a5f_LoopedGoods-Foto-1-e1507551146828.jpg	64edcf16d41f3a22ad035a5f_LoopedGoods-Foto-1-e1507551146828.jpg
https://cdn.prod.website-files.com/64c8db4525075f4f57f9539a/64edce34d41f3a22ad02377b_SparkOptimus_Digital_Frontrunners.jpg	64edce34d41f3a22ad02377b_SparkOptimus_Digital_Frontrunners.jpg
https://cdn.prod.website-files.com/64c8db4525075f4f57f9539a/67efcf460f7adac433ae9258_thirsty-for-digital-disruption-04.jpg	67efcf460f7adac433ae9258_thirsty-for-digital-disruption-04.jpg
https://cdn.prod.website-files.com/64c8db4525075f4f57f9539a/67efce5848a9380b460dd8ad_thirsty-for-digital-disruption-01.jpg	67efce5848a9380b460dd8ad_thirsty-for-digital-disruption-01.jpg
https://cdn.prod.website-files.com/64c8db4525075f4f57f9539a/67efcea48d2e607edc86bacb_thirsty-for-digital-disruption-03.jpg	67efcea48d2e607edc86bacb_thirsty-for-digital-disruption-03.jpg
https://cdn.prod.website-files.com/64c8db4525075f4f57f9539a/67efceb50d12b8d9d0c4bc35_thirsty-for-digital-disruption-02.jpg	67efceb50d12b8d9d0c4bc35_thirsty-for-digital-disruption-02.jpg
https://cdn.prod.website-files.com/64c8db4525075f4f57f9539a/65e87f072703b6de31b0ffed_grey-line.JPG	65e87f072703b6de31b0ffed_grey-line.JPG
https://cdn.prod.website-files.com/64c8db4525075f4f57f9539a/67caf8421afda822f7afc374_3.jpg	67caf8421afda822f7afc374_3.jpg
https://cdn.prod.website-files.com/64c8db4525075f4f57f9539a/67caf87c9396bc6cf9cb997e_5.jpg	67caf87c9396bc6cf9cb997e_5.jpg
https://cdn.prod.website-files.com/64c8db4525075f4f57f9539a/67caf8b31afda822f7b02f21_4.jpg	67caf8b31afda822f7b02f21_4.jpg
https://cdn.prod.website-files.com/64c8db4525075f4f57f9539a/67caf8f76adea77c25916c26_1.jpg	67caf8f76adea77c25916c26_1.jpg
https://cdn.prod.website-files.com/64c8db4525075f4f57f9539a/65e87f862703b6de31b1ac3f_Susanne_van_Santen_IWD.png	65e87f862703b6de31b1ac3f_Susanne_van_Santen_IWD.png
https://cdn.prod.website-files.com/64c8db4525075f4f57f9539a/67c1c71858a62c3088962008_7.png	67c1c71858a62c3088962008_7.png
https://cdn.prod.website-files.com/64c8db4525075f4f57f9539a/67c1c70069c674aceb86b486_8.png	67c1c70069c674aceb86b486_8.png
https://cdn.prod.website-files.com/64c8db4525075f4f57f9539a/67c1c747deb83afc19b0d700_5.png	67c1c747deb83afc19b0d700_5.png
https://cdn.prod.website-files.com/64c8db4525075f4f57f9539a/67c1c75e415860ec1719a2b1_6.png	67c1c75e415860ec1719a2b1_6.png
https://cdn.prod.website-files.com/64c8db4525075f4f57f9539a/67c1c7b5ef70a86b7f9635ed_9.png	67c1c7b5ef70a86b7f9635ed_9.png
https://cdn.prod.website-files.com/64c8db4525075f4f57f9539a/675afbec64fe571009792a23_65e87f072703b6de31b0ffed_grey-line.jpeg	675afbec64fe571009792a23_65e87f072703b6de31b0ffed_grey-line.jpeg
https://cdn.prod.website-files.com/64c8db4525075f4f57f9539a/67600db6a35766f51623df28_67600d3fcc2c6a0d0315e745_2.jpeg	67600db6a35766f51623df28_67600d3fcc2c6a0d0315e745_2.jpeg
https://cdn.prod.website-files.com/64c8db4525075f4f57f9539a/67600db6a35766f51623df24_67600d568db92635355967ae_4.jpeg	67600db6a35766f51623df24_67600d568db92635355967ae_4.jpeg
https://cdn.prod.website-files.com/64c8db4525075f4f57f9539a/67600db6a35766f51623df1e_67600d728db92635355986a0_1.jpeg	67600db6a35766f51623df1e_67600d728db92635355986a0_1.jpeg
https://cdn.prod.website-files.com/64c8db4525075f4f57f9539a/67600db6a35766f51623df1b_67600d90a35766f51623d365_5.jpeg	67600db6a35766f51623df1b_67600d90a35766f51623d365_5.jpeg
https://cdn.prod.website-files.com/64c8db4525075f4f57f9539a/67600db6a35766f51623df21_67600da79e6965fcbc42d9f3_3.jpeg	67600db6a35766f51623df21_67600da79e6965fcbc42d9f3_3.jpeg
https://cdn.prod.website-files.com/64c8db4525075f4f57f9539a/676136809b7ee40a0a224432_676135f390190f256d77a1bb_efficient-data-collection.jpeg	676136809b7ee40a0a224432_676135f390190f256d77a1bb_efficient-data-collection.jpeg
https://cdn.prod.website-files.com/64c8db4525075f4f57f9539a/676136809b7ee40a0a22442f_67613673b7229ea3e9847d85_Potential%2520value%2520of%2520(Gen)%2520AI%2520in%2520getting%2520ready%2520for%2520CSRD.jpeg	7d85_Potential-20value-20of-20-Gen-20AI-20in-20getting-20ready-20for-20CSRD.jpeg
https://cdn.prod.website-files.com/64c8db4525075f4f57f9539a/67473ff997dcb2bb3ee485d3_67473fecae144c64f88313fd_women-in-finance-event-V3.jpeg	67473ff997dcb2bb3ee485d3_67473fecae144c64f88313fd_women-in-finance-event-V3.jpeg
https://cdn.prod.website-files.com/64c8db4525075f4f57f9539a/6747402aa0ab3467a124721d_67473ae3fc1abd18758de8bd_women-in-finance-event-V2.jpeg	6747402aa0ab3467a124721d_67473ae3fc1abd18758de8bd_women-in-finance-event-V2.jpeg
https://cdn.prod.website-files.com/64c8db4525075f4f57f9539a/660e9ad0f8ae7687c95d0d94_2.png	660e9ad0f8ae7687c95d0d94_2.png
https://cdn.prod.website-files.com/64c8db4525075f4f57f9539a/660e9aa185818cd369578717_4.png	660e9aa185818cd369578717_4.png
https://cdn.prod.website-files.com/64c8db4525075f4f57f9539a/660e9b13eb7b572ef2151a4f_5.png	660e9b13eb7b572ef2151a4f_5.png
https://cdn.prod.website-files.com/64c8db4525075f4f57f9539a/660e9b2a2879ddab276b58e9_7.png	660e9b2a2879ddab276b58e9_7.png
https://cdn.prod.website-files.com/64c8db4525075f4f57f9539a/660e9b4181d0a1d89319fc49_6.png	660e9b4181d0a1d89319fc49_6.png
https://cdn.prod.website-files.com/64c8db4525075f4f57f9539a/660e9b558868e700e1fec702_3.png	660e9b558868e700e1fec702_3.png
https://cdn.prod.website-files.com/64c8db4525075f4f57f9539a/65e87d99ac0daf2003d9a8c3_Sarah_Acton_IWD.png	65e87d99ac0daf2003d9a8c3_Sarah_Acton_IWD.png
https://cdn.prod.website-files.com/64c8db4525075f4f57f9539a/65e87df39b5af865c22b12f3_Eline_Ceelen_IWD.png	65e87df39b5af865c22b12f3_Eline_Ceelen_IWD.png
https://cdn.prod.website-files.com/64c8db4525075f4f57f9539a/65e87e1c6605f6f79b219072_Jolanda_Muilenburg_IWD.png	65e87e1c6605f6f79b219072_Jolanda_Muilenburg_IWD.png
https://cdn.prod.website-files.com/64c8db4525075f4f57f9539a/65e87f65f5950079fddf6008_Micole_Agliati_IWD.png	65e87f65f5950079fddf6008_Micole_Agliati_IWD.png
https://cdn.prod.website-files.com/64c8db4525075f4f57f9539a/65e87fe0a8c0394d2cb8ccc6_Jip_Jager_IWD.png	65e87fe0a8c0394d2cb8ccc6_Jip_Jager_IWD.png
https://cdn.prod.website-files.com/64c8db4525075f4f57f9539a/654a5b69788899a587331523_spotify.png	654a5b69788899a587331523_spotify.png
https://cdn.prod.website-files.com/64c8db4525075f4f57f9539a/654a5c2818e9009637682e87_apple.png	654a5c2818e9009637682e87_apple.png
https://cdn.prod.website-files.com/64c8db4525075f4f57f9539a/654a5c3575495807d2b7c831_amazon.png	654a5c3575495807d2b7c831_amazon.png
https://cdn.prod.website-files.com/64c8db4525075f4f57f9539a/64ef9bd3c8fc64063932ae6a_2-1024x1024.png	64ef9bd3c8fc64063932ae6a_2-1024x1024.png
https://cdn.prod.website-files.com/64c8db4525075f4f57f9539a/64ef9bd20798b8fff4d19d69_3.png	64ef9bd20798b8fff4d19d69_3.png
https://cdn.prod.website-files.com/64c8db4525075f4f57f9539a/64ef9bd33a2804a8d8a1b635_4-1024x1024.png	64ef9bd33a2804a8d8a1b635_4-1024x1024.png
https://cdn.prod.website-files.com/64c8db4525075f4f57f9539a/64ef9bd394d80826aa2ef5f2_5-1024x1024.png	64ef9bd394d80826aa2ef5f2_5-1024x1024.png
https://cdn.prod.website-files.com/64c8db4525075f4f57f9539a/64ef9bd3da0fa101fbdc965c_6-1024x1024.png	64ef9bd3da0fa101fbdc965c_6-1024x1024.png
https://cdn.prod.website-files.com/64c8db4525075f4f57f9539a/64ef9bd32eb23122a5f2b0f1_7-1024x1024.png	64ef9bd32eb23122a5f2b0f1_7-1024x1024.png
https://cdn.prod.website-files.com/64c8db4525075f4f57f9539a/64ef9bd4a98ffe6df977a041_8-1024x1024.png	64ef9bd4a98ffe6df977a041_8-1024x1024.png
https://cdn.prod.website-files.com/64c8db4525075f4f57f9539a/64ef9bd6385e9a5f4e9ee205_9-1024x1024.png	64ef9bd6385e9a5f4e9ee205_9-1024x1024.png
https://cdn.prod.website-files.com/64c8db4525075f4f57f9539a/64ef9bd6dd737c309daf2061_Amanda-van-der-Meij-de-Bie-1024x1024.png	64ef9bd6dd737c309daf2061_Amanda-van-der-Meij-de-Bie-1024x1024.png
https://cdn.prod.website-files.com/64c8db4525075f4f57f9539a/64ec604825a667d3c346f1c5_Elise2-BW.jpeg	64ec604825a667d3c346f1c5_Elise2-BW.jpeg
https://cdn.prod.website-files.com/64c8db4525075f4f57f9539a/64ec6048a733c53e871cde3f_nicolas2.jpeg	64ec6048a733c53e871cde3f_nicolas2.jpeg
https://cdn.prod.website-files.com/64c8db4525075f4f57f9539a/64ec6048e7b32fbe8bbf58e4_AniekPhoto-BW.jpeg	64ec6048e7b32fbe8bbf58e4_AniekPhoto-BW.jpeg
https://cdn.prod.website-files.com/64c8db4525075f4f57f9539a/64ec604804bac12e768a7a89_CarolaPhoto-BW.jpeg	64ec604804bac12e768a7a89_CarolaPhoto-BW.jpeg
https://cdn.prod.website-files.com/64c8db4525075f4f57f9539a/64ec60483e9f2319bdf92534_ValeriePhoto2-BW2.jpeg	64ec60483e9f2319bdf92534_ValeriePhoto2-BW2.jpeg
https://cdn.prod.website-files.com/64c8db4525075f4f57f9539a/64ec6048a89150e4b40b1fbb_MerelPhoto-BW.jpeg	64ec6048a89150e4b40b1fbb_MerelPhoto-BW.jpeg
https://cdn.prod.website-files.com/64c8db4525075f4f57f9539a/64ec6049eb50b177bf3ee936_noor-BW.jpeg	64ec6049eb50b177bf3ee936_noor-BW.jpeg
https://cdn.prod.website-files.com/64c8db4525075f4f57f9539a/64ef999b199e7088e92cb336_maurice-Rob-sparkoptimus.jpeg	64ef999b199e7088e92cb336_maurice-Rob-sparkoptimus.jpeg
https://cdn.prod.website-files.com/64c8db4525075f4f57f9539a/64ef999b09da39b42f467985_britt-wouter-sparkoptimus.jpeg	64ef999b09da39b42f467985_britt-wouter-sparkoptimus.jpeg
https://cdn.prod.website-files.com/64c8db4525075f4f57f9539a/64ec5f85bb945b48c0c2cdfd_Thumbnail_article_page3-1024x404.png	64ec5f85bb945b48c0c2cdfd_Thumbnail_article_page3-1024x404.png
https://cdn.prod.website-files.com/64c8db4525075f4f57f9539a/64ec5f5f04bac12e76890668_SparkOptimus_Emerce100_3-1024x730.png	64ec5f5f04bac12e76890668_SparkOptimus_Emerce100_3-1024x730.png
https://cdn.prod.website-files.com/64c8db4525075f4f57f9539a/64ec5f5f4e4910fb5729915c_SparkOptimus_Emerce100_1-1-1024x683.png	64ec5f5f4e4910fb5729915c_SparkOptimus_Emerce100_1-1-1024x683.png
https://cdn.prod.website-files.com/64c8db4525075f4f57f9539a/64ef9924dc35d635912f4157_Refugeehelp02-17mrt-portrait-683x1024.jpeg	64ef9924dc35d635912f4157_Refugeehelp02-17mrt-portrait-683x1024.jpeg
https://cdn.prod.website-files.com/64c8db4525075f4f57f9539a/64ef992405b63d0695c08044_Spark-team-en-Julia_4962-2-1024x683.png	64ef992405b63d0695c08044_Spark-team-en-Julia_4962-2-1024x683.png
https://cdn.prod.website-files.com/64c8db4525075f4f57f9539a/64ef98cba8e99048feb287e7_Annekebw.png	64ef98cba8e99048feb287e7_Annekebw.png
https://cdn.prod.website-files.com/64c8db4525075f4f57f9539a/64ef98cb81a3f8c88ae49440_jan_bw.png	64ef98cb81a3f8c88ae49440_jan_bw.png
https://cdn.prod.website-files.com/64c8db4525075f4f57f9539a/64ef98cb7238ce3db920b1ab_maxime_bw.png	64ef98cb7238ce3db920b1ab_maxime_bw.png
https://cdn.prod.website-files.com/64c8db4525075f4f57f9539a/64ef98cbfe514115c4075460_micol_bw.png	64ef98cbfe514115c4075460_micol_bw.png
https://cdn.prod.website-files.com/64c8db4525075f4f57f9539a/64ef98cb8daec6d0c054240f_pim_bw.png	64ef98cb8daec6d0c054240f_pim_bw.png
https://cdn.prod.website-files.com/64c8db4525075f4f57f9539a/64ef98cb94d80826aa2b712c_tijmen_bw.png	64ef98cb94d80826aa2b712c_tijmen_bw.png
https://cdn.prod.website-files.com/64c8db4525075f4f57f9539a/64ef98ccc7153b5cc9a505a6_tomas_bw.png	64ef98ccc7153b5cc9a505a6_tomas_bw.png
https://cdn.prod.website-files.com/64c8db4525075f4f57f9539a/64ef98ccfb26a54b6dd9fc6c_annabel_bw.png	64ef98ccfb26a54b6dd9fc6c_annabel_bw.png
https://cdn.prod.website-files.com/64c8db4525075f4f57f9539a/64ef98ccdd737c309dab3aff_Nassim.png	64ef98ccdd737c309dab3aff_Nassim.png
https://cdn.prod.website-files.com/64c8db4525075f4f57f9539a/64ec6446334deb66c8fc1161_DSC_0591-1024x683.jpeg	64ec6446334deb66c8fc1161_DSC_0591-1024x683.jpeg
https://cdn.prod.website-files.com/64c8db4525075f4f57f9539a/64ec6446256eff900474149d_DSC_0552-1024x683.jpeg	64ec6446256eff900474149d_DSC_0552-1024x683.jpeg
https://cdn.prod.website-files.com/64c8db4525075f4f57f9539a/64ec6446e674506ba53270b4_DSC_0602-1024x683.jpeg	64ec6446e674506ba53270b4_DSC_0602-1024x683.jpeg
https://cdn.prod.website-files.com/64c8db4525075f4f57f9539a/64ec6446ec1cda0a02373ed6_DSC_0527-1024x683.jpeg	64ec6446ec1cda0a02373ed6_DSC_0527-1024x683.jpeg
https://cdn.prod.website-files.com/64c8db4525075f4f57f9539a/64ec6446716bd9dea0a89538_DSC_0560-1024x683.jpeg	64ec6446716bd9dea0a89538_DSC_0560-1024x683.jpeg
https://cdn.prod.website-files.com/64c8db4525075f4f57f9539a/64ec6446ced22d121090666f_DSC_0531-1024x683.jpeg	64ec6446ced22d121090666f_DSC_0531-1024x683.jpeg
https://cdn.prod.website-files.com/64c8db4525075f4f57f9539a/64ef97e8fe514115c4063e9f_DSC_0066-1024x683.jpeg	64ef97e8fe514115c4063e9f_DSC_0066-1024x683.jpeg
https://cdn.prod.website-files.com/64c8db4525075f4f57f9539a/64ef97e8931278add4d43486_DSC_0069-1024x683.jpeg	64ef97e8931278add4d43486_DSC_0069-1024x683.jpeg
https://cdn.prod.website-files.com/64c8db4525075f4f57f9539a/64ef97e8dc35d635912d92cb_DSC_0074-1024x683.jpeg	64ef97e8dc35d635912d92cb_DSC_0074-1024x683.jpeg
https://cdn.prod.website-files.com/64c8db4525075f4f57f9539a/64ef97e8c7153b5cc9a3f4a0_DSC_0067-1024x683.jpeg	64ef97e8c7153b5cc9a3f4a0_DSC_0067-1024x683.jpeg
https://cdn.prod.website-files.com/64c8db4525075f4f57f9539a/64ef97e8931278add4d4346c_DSC_0075-1024x683.jpeg	64ef97e8931278add4d4346c_DSC_0075-1024x683.jpeg
https://cdn.prod.website-files.com/64c8db4525075f4f57f9539a/64ef97e8a8e99048feb15bce_DSC_0110-1024x639.jpeg	64ef97e8a8e99048feb15bce_DSC_0110-1024x639.jpeg
https://cdn.prod.website-files.com/64c8db4525075f4f57f9539a/64ef97e9856495547186f8ee_DSC_0107-2-1024x639.jpeg	64ef97e9856495547186f8ee_DSC_0107-2-1024x639.jpeg
https://cdn.prod.website-files.com/64c8db4525075f4f57f9539a/64ef97e9a5862b37f2c9c431_WhatsApp-Image-2021-09-09-at-20.10.24.jpeg	64ef97e9a5862b37f2c9c431_WhatsApp-Image-2021-09-09-at-20.10.24.jpeg
https://cdn.prod.website-files.com/64c8db4525075f4f57f9539a/64ef97a97b0e38e8373d5198_Deepayan.png	64ef97a97b0e38e8373d5198_Deepayan.png
https://cdn.prod.website-files.com/64c8db4525075f4f57f9539a/64ef97a974db03bf2b73b21a_Gaius-bw.png	64ef97a974db03bf2b73b21a_Gaius-bw.png
https://cdn.prod.website-files.com/64c8db4525075f4f57f9539a/64ef97a94333e4b7a5194e38_Linea-bw.png	64ef97a94333e4b7a5194e38_Linea-bw.png
https://cdn.prod.website-files.com/64c8db4525075f4f57f9539a/64ef97a97238ce3db91f0c11_Menghua-bw.png	64ef97a97238ce3db91f0c11_Menghua-bw.png
https://cdn.prod.website-files.com/64c8db4525075f4f57f9539a/64ef97a994d80826aa29de10_Simon-bw.png	64ef97a994d80826aa29de10_Simon-bw.png
https://cdn.prod.website-files.com/64c8db4525075f4f57f9539a/64ec61e3791c33e8612d73d6_Presentation1-300x169.png	64ec61e3791c33e8612d73d6_Presentation1-300x169.png
https://cdn.prod.website-files.com/64c8db4525075f4f57f9539a/64ec61e3716bd9dea0a5a325_Presentation2-300x169.png	64ec61e3716bd9dea0a5a325_Presentation2-300x169.png
https://cdn.prod.website-files.com/64c8db4525075f4f57f9539a/64ec61e3e7bf2091d7b15cd1_Slide5-300x169.png	64ec61e3e7bf2091d7b15cd1_Slide5-300x169.png
https://cdn.prod.website-files.com/64c8db4525075f4f57f9539a/64ec61e3340c2e1d87e5db3b_Slide1-300x169.png	64ec61e3340c2e1d87e5db3b_Slide1-300x169.png
https://cdn.prod.website-files.com/64c8db4525075f4f57f9539a/64ec61e334685da8d833186f_Slide2-300x169.png	64ec61e334685da8d833186f_Slide2-300x169.png
https://cdn.prod.website-files.com/64c8db4525075f4f57f9539a/64ec61e3098c6e5a99b19fcd_Slide4-300x169.png	64ec61e3098c6e5a99b19fcd_Slide4-300x169.png
https://cdn.prod.website-files.com/64c8db4525075f4f57f9539a/64ef97167b0e38e8373c9f48_lianne-1.jpeg	64ef97167b0e38e8373c9f48_lianne-1.jpeg
https://cdn.prod.website-files.com/64c8db4525075f4f57f9539a/64ef9716332c72df65b2ee74_gregor-1.jpeg	64ef9716332c72df65b2ee74_gregor-1.jpeg
https://cdn.prod.website-files.com/64c8db4525075f4f57f9539a/64ef9716da0fa101fbd67c63_lennard-1.jpeg	64ef9716da0fa101fbd67c63_lennard-1.jpeg
https://cdn.prod.website-files.com/64c8db4525075f4f57f9539a/64ef9716955822119550435a_rutger2-1.png	64ef9716955822119550435a_rutger2-1.png
https://cdn.prod.website-files.com/64c8db4525075f4f57f9539a/64ef9716d66a67f3252fcacb_karrar-1.jpeg	64ef9716d66a67f3252fcacb_karrar-1.jpeg
https://cdn.prod.website-files.com/64c8db4525075f4f57f9539a/64ef9621b89465282ce6733c_Foto-logo-copyright-by-Ventklima-Interduct-768x530.jpeg	64ef9621b89465282ce6733c_Foto-logo-copyright-by-Ventklima-Interduct-768x530.jpeg
https://cdn.prod.website-files.com/64c8db4525075f4f57f9539a/64ef9633fe514115c404121f_Foto-schoolaanzicht-copyright-by-Ventklima-Interduct-768x511.jpeg	514115c404121f_Foto-schoolaanzicht-copyright-by-Ventklima-Interduct-768x511.jpeg
https://cdn.prod.website-files.com/64c8db4525075f4f57f9539a/64ef96433a2804a8d89a1a3e_jeshoots-com-LKREcvZeoJQ-unsplash-768x512.jpeg	64ef96433a2804a8d89a1a3e_jeshoots-com-LKREcvZeoJQ-unsplash-768x512.jpeg
https://cdn.prod.website-files.com/64c8db4525075f4f57f9539a/64ef9588c4ac7dfe872b40ed_SOSK-1-768x576.jpeg	64ef9588c4ac7dfe872b40ed_SOSK-1-768x576.jpeg
https://cdn.prod.website-files.com/64c8db4525075f4f57f9539a/64ef958d8e916e8fdc567523_SOSK-2-768x576.jpeg	64ef958d8e916e8fdc567523_SOSK-2-768x576.jpeg
https://cdn.prod.website-files.com/64c8db4525075f4f57f9539a/64ef93fefb26a54b6dd35973_Supermarkt-pic.jpeg	64ef93fefb26a54b6dd35973_Supermarkt-pic.jpeg
https://cdn.prod.website-files.com/64c8db4525075f4f57f9539a/64ef92f63a2804a8d896150e_200515-Koningsdag-Thuis-artikel-Quote-unbolded.pptx-1024x412.png	a2804a8d896150e_200515-Koningsdag-Thuis-artikel-Quote-unbolded.pptx-1024x412.png
https://cdn.prod.website-files.com/64c8db4525075f4f57f9539a/64ef9302a7194897c4f63623_200515-Koningsdag-Thuis-artikel-Kings-Day-explanation.pptx-1024x318.png	c4f63623_200515-Koningsdag-Thuis-artikel-Kings-Day-explanation.pptx-1024x318.png
https://cdn.prod.website-files.com/64c8db4525075f4f57f9539a/64ec6254a6c63cceaf82bbc9_200515-Koningsdag-Thuis-artikel-all-key-takeways.pptx-1024x303.png	63cceaf82bbc9_200515-Koningsdag-Thuis-artikel-all-key-takeways.pptx-1024x303.png
https://cdn.prod.website-files.com/64c8db4525075f4f57f9539a/64ec6254340c2e1d87e64a9f_200423-Koningsdag-vieren-wij-thuis-visual-ENGELS-Instagram-Facebook-300x300.png	_200423-Koningsdag-vieren-wij-thuis-visual-ENGELS-Instagram-Facebook-300x300.png
https://cdn.prod.website-files.com/64c8db4525075f4f57f9539a/64ec62544e4910fb572cb6a9_200515-Koningsdag-Thuis-artikel-key-takeway-1.pptx-2-1024x257.png	4910fb572cb6a9_200515-Koningsdag-Thuis-artikel-key-takeway-1.pptx-2-1024x257.png
https://cdn.prod.website-files.com/64c8db4525075f4f57f9539a/64ec6254098c6e5a99b1f616_200515-Koningsdag-Thuis-artikel-key-takeway-2.pptx-1024x242.png	098c6e5a99b1f616_200515-Koningsdag-Thuis-artikel-key-takeway-2.pptx-1024x242.png
https://cdn.prod.website-files.com/64c8db4525075f4f57f9539a/64ef93382eb23122a5e80601_200520-Koningsdag-Thuis-homepage-FINAL-in-browser-small-1024x604.png	122a5e80601_200520-Koningsdag-Thuis-homepage-FINAL-in-browser-small-1024x604.png
https://cdn.prod.website-files.com/64c8db4525075f4f57f9539a/64ec6255c2db6bd98c910e65_200515-Koningsdag-Thuis-artikel-key-takeway-3.pptx-1024x287.png	c2db6bd98c910e65_200515-Koningsdag-Thuis-artikel-key-takeway-3.pptx-1024x287.png
https://cdn.prod.website-files.com/64c8db4525075f4f57f9539a/64ec6255ec1cda0a023595d8_EWnFU9dWAAE67-r-scaled-e1589545951728.jpeg	64ec6255ec1cda0a023595d8_EWnFU9dWAAE67-r-scaled-e1589545951728.jpeg
https://cdn.prod.website-files.com/64c8db4525075f4f57f9539a/64ec625511b5ea967736ee23_200515-Koningsdag-Thuis-artikel-key-takeway-4.pptx-1024x287.png	11b5ea967736ee23_200515-Koningsdag-Thuis-artikel-key-takeway-4.pptx-1024x287.png
https://cdn.prod.website-files.com/64c8db4525075f4f57f9539a/64ec62551d4114b50b03a0ce_IMG-20200424-WA0027-e1589545511305.jpeg	64ec62551d4114b50b03a0ce_IMG-20200424-WA0027-e1589545511305.jpeg
https://cdn.prod.website-files.com/64c8db4525075f4f57f9539a/64ec6255cc340318d5263647_200515-Koningsdag-Thuis-artikel-key-takeway-5.pptx-1024x265.png	cc340318d5263647_200515-Koningsdag-Thuis-artikel-key-takeway-5.pptx-1024x265.png
https://cdn.prod.website-files.com/64c8db4525075f4f57f9539a/64ef8fd585649554717cd972_a0aFigure-1.png	64ef8fd585649554717cd972_a0aFigure-1.png
https://cdn.prod.website-files.com/64c8db4525075f4f57f9539a/64ef8fe2d8996f0e867288b1_a0a-Table1.png	64ef8fe2d8996f0e867288b1_a0a-Table1.png
https://cdn.prod.website-files.com/64c8db4525075f4f57f9539a/64ef8ff2c7153b5cc9972a83_a0a-Figure-2-1536x864.png	64ef8ff2c7153b5cc9972a83_a0a-Figure-2-1536x864.png
https://cdn.prod.website-files.com/64c8db4525075f4f57f9539a/64ef8ffe385e9a5f4e8ff623_aaaaaaaaaaaaaaaaaaaaaaaaTable2-1536x864.png	64ef8ffe385e9a5f4e8ff623_aaaaaaaaaaaaaaaaaaaaaaaaTable2-1536x864.png
https://cdn.prod.website-files.com/64c8db4525075f4f57f9539a/64ef6a0f5f4d4acd9d5a715c_Capture10-1-300x178.png	64ef6a0f5f4d4acd9d5a715c_Capture10-1-300x178.png
https://cdn.prod.website-files.com/64c8db4525075f4f57f9539a/64ef6a0f86f57b76b92e7ec4_TeamCheckoutPlankingContest-e1584694459547-300x183.jpeg	64ef6a0f86f57b76b92e7ec4_TeamCheckoutPlankingContest-e1584694459547-300x183.jpeg
https://cdn.prod.website-files.com/64c8db4525075f4f57f9539a/64ef68fdab8485cda0917cd7_Evita-Stoop-op-podium-1-300x225.jpeg	64ef68fdab8485cda0917cd7_Evita-Stoop-op-podium-1-300x225.jpeg
https://cdn.prod.website-files.com/64c8db4525075f4f57f9539a/64ef68fd597eeaf765bb3b59_PM-Denmark-op-podium-300x225.jpeg	64ef68fd597eeaf765bb3b59_PM-Denmark-op-podium-300x225.jpeg
https://cdn.prod.website-files.com/64c8db4525075f4f57f9539a/64ef67824c79bf2ce26b7b36_20190702-Frieda-deelt-boek-uit-300x169.jpeg	64ef67824c79bf2ce26b7b36_20190702-Frieda-deelt-boek-uit-300x169.jpeg
https://cdn.prod.website-files.com/64c8db4525075f4f57f9539a/64ef66eb63c539435623baef_SparkOptimus-World.png	64ef66eb63c539435623baef_SparkOptimus-World.png
https://cdn.prod.website-files.com/64c8db4525075f4f57f9539a/64edd0e29dad8afbed9d5478_looking.png	64edd0e29dad8afbed9d5478_looking.png
https://cdn.prod.website-files.com/64c8db4525075f4f57f9539a/64edd09dfe992decdfbd001f_ProjectMarch1.jpeg	64edd09dfe992decdfbd001f_ProjectMarch1.jpeg
https://cdn.prod.website-files.com/64c8db4525075f4f57f9539a/64edd09dd50ff59c5b6f924b_ProjectMarchImages2.jpeg	64edd09dd50ff59c5b6f924b_ProjectMarchImages2.jpeg
https://cdn.prod.website-files.com/64c8db4525075f4f57f9539a/64ec5e97340c2e1d87e268a8_Image3.jpg	64ec5e97340c2e1d87e268a8_Image3.jpg
https://cdn.prod.website-files.com/64c8db4525075f4f57f9539a/64ec5ea4c3c6540c9b4e1dc3_RijksEvent2.jpg	64ec5ea4c3c6540c9b4e1dc3_RijksEvent2.jpg
https://cdn.prod.website-files.com/64c8db4525075f4f57f9539a/64ec5eb110caecfda8c5ee6b_RijksEventImage3.jpg	64ec5eb110caecfda8c5ee6b_RijksEventImage3.jpg
https://cdn.prod.website-files.com/64c8db4525075f4f57f9539a/64ec5ebf6751b4189789874b_20180410_SparkOptimus_Rijksmuseum-0157-8145.jpg	64ec5ebf6751b4189789874b_20180410_SparkOptimus_Rijksmuseum-0157-8145.jpg
https://cdn.prod.website-files.com/64c8db4525075f4f57f9539a/64edcf29d23411793fca6ac7_LoopedGoods-Foto-1-e1507551146828-1024x512.jpeg	64edcf29d23411793fca6ac7_LoopedGoods-Foto-1-e1507551146828-1024x512.jpeg
https://cdn.prod.website-files.com/64c8db4525075f4f57f9539a/64edcf290edeebc0c9280af6_LoopedGoods-Foto-2-1024x435.png	64edcf290edeebc0c9280af6_LoopedGoods-Foto-2-1024x435.png
https://cdn.prod.website-files.com/64c8db4525075f4f57f9539a/64edcf2953bc14e5e1c1de8e_LoopedGoods-Foto-3-e1507550987744-1024x512.jpeg	64edcf2953bc14e5e1c1de8e_LoopedGoods-Foto-3-e1507550987744-1024x512.jpeg
https://cdn.prod.website-files.com/64c8db4525075f4f57f9539a/64edce48b8df748704abbf65_SparkOptimus_Digital_Frontrunners-1-1024x395.png	64edce48b8df748704abbf65_SparkOptimus_Digital_Frontrunners-1-1024x395.png
https://cdn.prod.website-files.com/64c8db4525075f4f57f9539a/64edce49beea77a8c111916f_SparkOptimus_Picnic2-1024x465.png	64edce49beea77a8c111916f_SparkOptimus_Picnic2-1024x465.png
https://cdn.prod.website-files.com/64c8db4525075f4f57f9539a/64edce48d8836adfb7d768c5_SparkOptimus_Adyen2.png	64edce48d8836adfb7d768c5_SparkOptimus_Adyen2.png
https://cdn.prod.website-files.com/64c8db4525075f4f57f9539a/64edce48d45ab1cdd81371b7_SparkOptimus_HEMA_2-1024x318.png	64edce48d45ab1cdd81371b7_SparkOptimus_HEMA_2-1024x318.png
https://cdn.prod.website-files.com/64c8db4525075f4f57f9539a/64edce48cd9b61d3ebc4348c_SparkOptimus_Catawiki-1024x437.png	64edce48cd9b61d3ebc4348c_SparkOptimus_Catawiki-1024x437.png
https://cdn.prod.website-files.com/64c8db4525075f4f57f9539a/66ab7ba6614f747f57db4529_CEO%20stories%20new%20thumbnails%20-%20Eneco.png	66ab7ba6614f747f57db4529_CEO-stories-new-thumbnails-Eneco.png
https://cdn.prod.website-files.com/64c8db4525075f4f57f9539a/64f57b9b02c95b7eb06eafc0_CEO-stories-Colgate.png	64f57b9b02c95b7eb06eafc0_CEO-stories-Colgate.png
https://cdn.prod.website-files.com/64c8db4525075f4f57f9539a/64f5e400dd05446a8a81267c_ceostories-PostNL-new-thumbnail.png	64f5e400dd05446a8a81267c_ceostories-PostNL-new-thumbnail.png
https://cdn.prod.website-files.com/64c8db4525075f4f57f9539a/64f5e61e4deca58dcfae44aa_ceostories-Henkel-new-thumbnail.png	64f5e61e4deca58dcfae44aa_ceostories-Henkel-new-thumbnail.png
https://cdn.prod.website-files.com/64c8db4525075f4f57f9539a/64f5ea4faffecf3567905de6_ceostories-Wolters-Kluwer-new-thumbnail.png	64f5ea4faffecf3567905de6_ceostories-Wolters-Kluwer-new-thumbnail.png
https://cdn.prod.website-files.com/64c8db4525075f4f57f9539a/64f7407cf52a45b34f743543_ceostories-nestle-new-thumbnail.png	64f7407cf52a45b34f743543_ceostories-nestle-new-thumbnail.png
https://cdn.prod.website-files.com/64c8db4525075f4f57f9539a/64f7422aa55b06ed2f48ab2a_ceostories-JustEat-new-thumbnail.png	64f7422aa55b06ed2f48ab2a_ceostories-JustEat-new-thumbnail.png
https://cdn.prod.website-files.com/64c8db4525075f4f57f9539a/64f743da93590dcf58b370c1_ceostories-Heineken-new-thumbnail.png	64f743da93590dcf58b370c1_ceostories-Heineken-new-thumbnail.png
https://cdn.prod.website-files.com/64c8db4525075f4f57f9539a/64f744f30f2a8beae7344772_ceostories-Unilever-new-thumbnail.png	64f744f30f2a8beae7344772_ceostories-Unilever-new-thumbnail.png
https://cdn.prod.website-files.com/64c8db4525075f4f57f9539a/64f745d52762cc0f2dc2bda1_ceostories-Kramp-new-thumbnail.png	64f745d52762cc0f2dc2bda1_ceostories-Kramp-new-thumbnail.png
https://cdn.prod.website-files.com/64c8db4525075f4f57f9539a/64f746da30976afa27c0041f_ceostories-bol-new-thumbnail.png	64f746da30976afa27c0041f_ceostories-bol-new-thumbnail.png
https://cdn.prod.website-files.com/64c8db4525075f4f57f9539a/64f74785f512315d45ded47f_ceostories-adyen-new-thumbnail.png	64f74785f512315d45ded47f_ceostories-adyen-new-thumbnail.png
https://cdn.prod.website-files.com/64c8db4525075f4f57f9539a/64f749166adbc9e9943df4de_ceostories-picnic-new-thumbnail.png	64f749166adbc9e9943df4de_ceostories-picnic-new-thumbnail.png
https://cdn.prod.website-files.com/64c8db4525075f4f57f9539a/64f74b8d49d7cdd41b85d824_ceostories-rabobank-new-thumbnail.png	64f74b8d49d7cdd41b85d824_ceostories-rabobank-new-thumbnail.png
https://cdn.prod.website-files.com/64c8db4525075f4f57f9539a/64f74ae26adbc9e9943f579a_ceostories-roche-new-thumbnail.png	64f74ae26adbc9e9943f579a_ceostories-roche-new-thumbnail.png
https://cdn.prod.website-files.com/64c8db4525075f4f57f9539a/64f74a1b8eff251ee3acaa71_ceostories-legrand-new-thumbnail.png	64f74a1b8eff251ee3acaa71_ceostories-legrand-new-thumbnail.png
https://cdn.prod.website-files.com/64c8db4525075f4f57f9539a/64db5ea8bd96070c461c2ecc__Joris-Hulst-SparkOptimus.webp	64db5ea8bd96070c461c2ecc__Joris-Hulst-SparkOptimus.webp
https://cdn.prod.website-files.com/64c8db4525075f4f57f9539a/64db5f2552ca1186ff0bc571__Micol-Agliati-SparkOptimus.webp	64db5f2552ca1186ff0bc571__Micol-Agliati-SparkOptimus.webp
https://cdn.prod.website-files.com/64c8db4525075f4f57f9539a/64db5ff1c5b39333450584a9__Tom-Voskes-SparkOptimus.webp	64db5ff1c5b39333450584a9__Tom-Voskes-SparkOptimus.webp
https://cdn.prod.website-files.com/64c8db4525075f4f57f9539a/659e789c01096561dfe9998f_sparkoptimus-digital-strategy-transformation-03-V2.jpg	659e789c01096561dfe9998f_sparkoptimus-digital-strategy-transformation-03-V2.jpg
https://cdn.prod.website-files.com/64c8db4525075f4f57f9539a/659e738a346ba1a12557f89d_sparkoptimus-digital-strategy-transformation-04.jpg	659e738a346ba1a12557f89d_sparkoptimus-digital-strategy-transformation-04.jpg
https://cdn.prod.website-files.com/64c8db4525075f4f57f9539a/651bf4b6e9ed224cac439cf3_mergers-acquisitions-V8%20(1).jpg	651bf4b6e9ed224cac439cf3_mergers-acquisitions-V8-1-.jpg
https://cdn.prod.website-files.com/64c8db4525075f4f57f9539a/651be223570cbe8735799cd3_mergers-acquisitions-V3.jpg	651be223570cbe8735799cd3_mergers-acquisitions-V3.jpg
https://cdn.prod.website-files.com/64c8db4525075f4f57f9539a/655390e53ad03682a9495d36_matti-01-V2.jpg	655390e53ad03682a9495d36_matti-01-V2.jpg
https://cdn.prod.website-files.com/64c8db4525075f4f57f9539a/6569e5e4b9dfcf8293036ac0_AI-Data%20strategy-V2.png	6569e5e4b9dfcf8293036ac0_AI-Data-strategy-V2.png
https://cdn.prod.website-files.com/64c8db4525075f4f57f9539a/65ccbbcf83a9ac704bef1725_ventures-03.jpg	65ccbbcf83a9ac704bef1725_ventures-03.jpg
https://cdn.prod.website-files.com/64c8db4525075f4f57f9539a/65cce07258ba1b5714d3816d_growth-strategy.jpg	65cce07258ba1b5714d3816d_growth-strategy.jpg
https://cdn.prod.website-files.com/64c8db4525075f4f57f9539a/65815e459d6b2c5499affb09_sustainability-V2.jpg	65815e459d6b2c5499affb09_sustainability-V2.jpg
https://cdn.prod.website-files.com/64c8db4525075f4f57f9539a/65817cac9ef6cd04fc20bb54_sustainability-sparkoptimus-03%20(1).jpg	65817cac9ef6cd04fc20bb54_sustainability-sparkoptimus-03-1-.jpg
https://cdn.prod.website-files.com/64c8db4525075f4f57f9539a/65eb20f7218d0c75cb711b70_creative-online-shopping-concept.jpg	65eb20f7218d0c75cb711b70_creative-online-shopping-concept.jpg
https://cdn.prod.website-files.com/64c8db4525075f4f57f9539a/6672a9fc08ea7ce20b00c8b8_Accelerate-ecomm-sales-V1.jpg	6672a9fc08ea7ce20b00c8b8_Accelerate-ecomm-sales-V1.jpg
https://cdn.prod.website-files.com/64c8db4525075f4f57f9539a/65afd85df66c466b4c82aad7_energy-utilities-v4.jpg	65afd85df66c466b4c82aad7_energy-utilities-v4.jpg
https://cdn.prod.website-files.com/64c8db4525075f4f57f9539a/65afd946bbaf8a2f7756b140_Navigating-global-energy-transformation.jpg	65afd946bbaf8a2f7756b140_Navigating-global-energy-transformation.jpg
https://cdn.prod.website-files.com/64c8db4525075f4f57f9539a/65e9c7c9fcc589525b366631_financialservices.jpg	65e9c7c9fcc589525b366631_financialservices.jpg
https://cdn.prod.website-files.com/64c8db4525075f4f57f9539a/65ead1d27c1c38dcfeb748ed_process-optimization.jpg	65ead1d27c1c38dcfeb748ed_process-optimization.jpg
https://cdn.prod.website-files.com/64c8db4525075f4f57f9539a/65a7e3c7e7a80bc3b69e160b_sparkoptimus-sectors-industrials.jpg	65a7e3c7e7a80bc3b69e160b_sparkoptimus-sectors-industrials.jpg
https://cdn.prod.website-files.com/64c8db4525075f4f57f9539a/65ae6a495e0d3a6660e64612_B2B-ECOMMERCE.jpg	65ae6a495e0d3a6660e64612_B2B-ECOMMERCE.jpg
